date,1. open,2. high,3. low,4. close
2025-04-25,50.91,50.91,50.88,50.91
2025-04-24,50.91,50.91,50.91,50.91
2025-04-23,50.99,51.09,50.8,50.91
2025-04-22,51.06,51.1,50.9,50.99
2025-04-21,51.06,51.06,51.06,51.06
2025-04-18,51.08,51.08,51.05,51.08
2025-04-17,51.07,51.12,50.95,51.08
2025-04-16,50.93,51.115,50.9,51.07
2025-04-15,50.95,51.0,50.8,50.93
2025-04-14,51.18,51.3,50.87,50.95
2025-04-11,51.28,51.29,51.28,51.28
2025-04-10,51.63,51.66,51.1,51.29
2025-04-09,51.22,51.68,51.18,51.62
2025-04-08,51.34,51.481,51.18,51.22
2025-04-07,51.08,51.67,51.05,51.34
2025-04-04,50.54,50.54,50.54,50.54
2025-04-03,50.52,50.64,50.49,50.54
2025-04-02,50.52,50.52,50.51,50.52
2025-04-01,50.52,50.52,50.52,50.52
2025-03-31,50.52,50.52,50.51,50.52
2025-03-28,50.52,50.52,50.51,50.52
2025-03-27,50.5,50.65,50.46,50.52
2025-03-26,50.52,50.6275,50.48,50.5
2025-03-25,50.55,50.6275,50.5,50.52
2025-03-24,50.59,50.64,50.5,50.55
2025-03-21,50.52,50.52,50.5,50.51
2025-03-20,50.6,50.63,50.48,50.51
2025-03-19,50.45,50.66,50.39,50.59
2025-03-18,50.46,50.58,50.39,50.45
2025-03-17,50.53,50.65,50.44,50.46
2025-03-14,50.6,50.6,50.6,50.6
2025-03-13,50.62,50.62,50.6,50.6
2025-03-12,50.55,50.71,50.53,50.62
2025-03-11,50.55,50.63,50.53,50.55
2025-03-10,50.6,50.6,50.55,50.55
2025-03-07,50.63,50.64,50.63,50.63
2025-03-06,50.62,50.63,50.62,50.63
2025-03-05,50.58,50.7,50.53,50.62
2025-03-04,50.6,50.68,50.54,50.59
2025-03-03,50.6,50.661,50.54,50.6
2025-02-28,50.61,50.61,50.6,50.6
2025-02-27,50.54,50.67,50.5,50.61
2025-02-26,50.53,50.59,50.43,50.54
2025-02-25,50.55,50.63,50.52,50.53
2025-02-24,50.54,50.635,50.44,50.55
2025-02-21,50.53,50.53,50.5,50.5
2025-02-20,50.58,50.64,50.5,50.53
2025-02-19,50.59,50.7675,50.54,50.58
2025-02-18,50.55,50.66,50.5,50.59
2025-02-17,50.57,50.62,50.5,50.55
2025-02-14,50.58,50.59,50.58,50.59
2025-02-13,50.57,50.67,50.56,50.59
2025-02-12,50.4,50.68,50.37,50.57
2025-02-11,50.24,50.45,50.23,50.4
2025-02-10,50.23,50.33,50.2,50.24
2025-02-07,50.25,50.25,50.23,50.25
2025-02-06,50.27,50.32,50.18,50.25
2025-02-05,50.25,50.27,50.25,50.27
2025-02-04,50.31,50.3625,50.18,50.26
2025-02-03,50.17,50.41,50.17,50.31
2025-01-31,50.18,50.18,50.18,50.18
2025-01-30,50.17,50.23,50.16,50.18
2025-01-29,50.17,50.2515,50.12,50.17
2025-01-28,50.2,50.24,50.12,50.17
2025-01-27,50.21,50.2975,50.19,50.2
2025-01-24,50.24,50.24,50.22,50.24
2025-01-23,50.27,50.3425,50.13,50.24
2025-01-22,50.25,50.35,50.2,50.26
2025-01-21,50.27,50.27,50.27,50.27
2025-01-20,50.33,50.33,50.27,50.27
2025-01-17,50.35,50.35,50.34,50.35
2025-01-16,50.38,50.455,50.3,50.35
2025-01-15,50.4,50.5,50.37,50.38
2025-01-14,50.46,50.55,50.4,50.4
2025-01-13,50.51,50.57,50.45,50.46
2025-01-10,50.51,50.51,50.51,50.51
2025-01-09,50.55,50.63,50.51,50.51
2025-01-08,50.6,50.65,50.53,50.55
2025-01-07,50.6,50.61,50.6,50.6
2025-01-06,50.65,50.75,50.5,50.6
2025-01-03,50.75,50.75,50.75,50.75
2025-01-02,50.78,50.8,50.7,50.75
2025-01-01,50.79,50.79,50.79,50.79
2024-12-31,50.79,50.8575,50.78,50.79
2024-12-30,50.81,50.86,50.76,50.79
2024-12-27,50.82,50.82,50.82,50.82
2024-12-26,50.86,50.92,50.81,50.82
2024-12-25,50.85,50.939,50.74,50.86
2024-12-24,51.03,51.13,50.84,50.85
2024-12-23,50.87,51.07,50.85,51.03
2024-12-20,50.87,50.87,50.86,50.86
2024-12-19,50.82,50.945,50.75,50.87
2024-12-18,50.73,50.9,50.73,50.8
2024-12-17,50.75,50.925,50.7,50.73
2024-12-16,50.75,50.88,50.72,50.75
2024-12-13,50.77,50.77,50.77,50.77
2024-12-12,50.59,50.88,50.59,50.77
2024-12-11,50.4,50.66,50.4,50.59
2024-12-10,50.45,50.5,50.34,50.4
2024-12-09,50.17,50.7305,50.15,50.45
2024-12-06,49.93,49.94,49.93,49.93
2024-12-05,49.76,49.96,49.76,49.93
2024-12-04,49.7,49.85,49.67,49.76
2024-12-03,49.7,49.7,49.68,49.7
2024-12-02,49.66,49.66,49.66,49.66
2024-11-29,49.54,49.54,49.54,49.54
2024-11-28,49.62,49.7025,49.46,49.54
2024-11-27,49.58,49.6625,49.5,49.62
2024-11-26,49.57,49.63,49.5,49.58
2024-11-25,49.65,49.68,49.55,49.57
2024-11-22,49.62,49.68,49.62,49.62
2024-11-21,49.68,49.93,49.59,49.62
2024-11-20,49.5,49.74,49.46,49.67
2024-11-19,49.4,49.55,49.3,49.48
2024-11-18,49.3,49.47,49.3,49.4
2024-11-15,49.31,49.33,49.31,49.31
2024-11-14,49.29,49.39,49.15,49.31
2024-11-13,49.17,49.315,49.15,49.29
2024-11-12,49.18,49.215,49.13,49.16
2024-11-11,49.19,49.279,49.14,49.18
2024-11-08,49.25,49.25,49.23,49.25
2024-11-07,49.19,49.3,49.15,49.22
2024-11-06,49.07,49.249,49.07,49.19
2024-11-05,49.01,49.16,49.0,49.07
2024-11-04,48.93,49.15,48.85,49.01
2024-11-01,48.9,48.91,48.88,48.88
2024-10-31,48.69,48.95,48.69,48.9
2024-10-30,48.66,48.7805,48.64,48.69
2024-10-29,48.64,48.75,48.58,48.66
2024-10-28,48.68,48.75,48.6,48.65
2024-10-25,48.73,48.73,48.73,48.73
2024-10-24,48.71,48.7925,48.66,48.74
2024-10-23,48.66,48.74,48.5,48.71
2024-10-22,48.62,48.71,48.51,48.66
2024-10-21,48.55,48.62,48.55,48.62
2024-10-18,48.58,48.59,48.58,48.58
2024-10-17,48.54,48.6675,48.5,48.58
2024-10-16,48.5,48.62,48.49,48.54
2024-10-15,48.55,48.62,48.47,48.5
2024-10-14,48.5,48.615,48.5,48.55
2024-10-11,48.53,48.53,48.53,48.53
2024-10-10,48.45,48.581,48.45,48.53
2024-10-09,48.55,48.6,48.35,48.45
2024-10-08,48.35,48.57,48.35,48.55
2024-10-07,48.29,48.445,48.2,48.35
2024-10-04,48.3,48.3,48.29,48.29
2024-10-03,48.32,48.36,48.26,48.3
2024-10-02,48.18,48.4,48.18,48.32
2024-10-01,48.23,48.3,48.17,48.18
2024-09-30,48.35,48.43,48.2,48.23
2024-09-27,48.32,48.32,48.3,48.31
2024-09-26,48.5,48.66,48.29,48.32
2024-09-25,48.66,48.725,48.45,48.5
2024-09-24,48.61,48.7105,48.57,48.66
2024-09-23,48.5,48.68,48.5,48.61
2024-09-20,48.48,48.48,48.46,48.46
2024-09-19,48.48,48.56,48.4,48.48
2024-09-18,48.35,48.5825,48.35,48.48
2024-09-17,48.38,48.48,48.27,48.36
2024-09-16,48.39,48.44,48.28,48.38
2024-09-13,48.39,48.39,48.38,48.39
2024-09-12,48.33,48.5,48.3,48.39
2024-09-11,48.31,48.43,48.28,48.32
2024-09-10,48.3,48.355,48.2,48.31
2024-09-09,48.35,48.4,48.2,48.3
2024-09-06,48.39,48.39,48.39,48.39
2024-09-05,48.43,48.52,48.35,48.39
2024-09-04,48.45,48.535,48.42,48.43
2024-09-03,48.49,48.55,48.39,48.45
2024-09-02,48.52,48.62,48.46,48.49
2024-08-30,48.57,48.57,48.57,48.57
2024-08-29,48.61,48.689,48.55,48.57
2024-08-28,48.65,48.71,48.58,48.61
2024-08-27,48.68,48.73,48.58,48.65
2024-08-26,48.73,48.826,48.65,48.68
2024-08-23,48.73,48.74,48.4,48.73
2024-08-22,48.74,48.8,48.7,48.73
2024-08-21,48.85,48.89,48.73,48.74
2024-08-20,48.73,48.8765,48.1,48.85
2024-08-19,48.78,48.86,48.7,48.73
2024-08-16,48.85,48.86,48.85,48.85
2024-08-15,49.05,49.1,48.8,48.85
2024-08-14,49.34,49.47,49.25,49.4
2024-08-13,49.27,49.39,49.25,49.34
2024-08-12,49.21,49.3225,49.18,49.27
2024-08-09,49.2,49.22,49.2,49.2
2024-08-08,49.22,49.28,49.15,49.2
2024-08-07,49.15,49.29,49.14,49.22
2024-08-06,49.2,49.24,49.14,49.15
2024-08-05,48.7,49.5225,48.7,49.2
2024-08-02,48.64,48.64,48.62,48.62
2024-08-01,48.51,48.7,48.5,48.64
2024-07-31,48.39,48.63,48.28,48.51
2024-07-30,48.27,48.415,48.25,48.39
2024-07-29,48.28,48.417,48.22,48.27
2024-07-26,48.29,48.31,48.29,48.29
2024-07-25,48.29,48.3,48.29,48.29
2024-07-24,48.31,48.389,48.27,48.29
2024-07-23,48.36,48.42,48.3,48.31
2024-07-22,48.31,48.435,48.2,48.36
2024-07-19,48.2,48.21,48.2,48.21
2024-07-18,48.15,48.32,48.15,48.2
2024-07-17,47.99,48.24,47.95,48.15
2024-07-16,47.9,48.09,47.88,47.99
2024-07-15,47.89,47.975,47.78,47.9
2024-07-12,47.95,47.95,47.95,47.95
2024-07-11,47.95,47.95,47.94,47.94
2024-07-10,48.02,48.185,47.9,47.95
2024-07-09,47.88,48.11,47.87,48.02
2024-07-08,47.9,47.98,47.85,47.88
2024-07-05,47.94,47.96,47.94,47.96
2024-07-04,48.09,48.14,47.84,47.94
2024-07-03,48.11,48.2,48.05,48.09
2024-07-02,48.25,48.26,48.05,48.11
2024-07-01,47.98,48.2575,47.95,48.25
2024-06-28,47.98,47.98,47.98,47.98
2024-06-27,48.0,48.1,47.95,47.98
2024-06-26,48.33,48.79,47.95,48.0
2024-06-25,48.27,48.4,48.13,48.33
2024-06-24,48.1,48.55,48.06,48.27
2024-06-21,47.66,47.66,47.65,47.65
2024-06-20,47.66,47.66,47.66,47.66
2024-06-19,47.66,47.66,47.65,47.65
2024-06-18,47.66,47.66,47.66,47.66
2024-06-17,47.66,47.66,47.65,47.66
2024-06-14,47.66,47.66,47.58,47.66
2024-06-13,47.64,47.78,47.55,47.66
2024-06-12,47.51,47.711,47.364,47.64
2024-06-11,47.65,47.65,47.5,47.51
2024-06-10,47.615,47.66,47.615,47.65
2024-06-07,47.46,47.48,47.46,47.48
2024-06-06,47.55,47.7,47.4,47.46
2024-06-05,47.4,47.67,47.27,47.57
2024-06-04,47.05,47.47,47.0,47.4
2024-06-03,47.27,47.37,47.0,47.05
2024-05-31,47.2,47.23,47.2,47.22
2024-05-30,47.35,47.35,47.09,47.2
2024-05-29,47.55,47.56,47.18,47.25
2024-05-28,47.12,47.6,47.05,47.55
2024-05-27,46.9,47.22,46.8,47.12
2024-05-24,47.1,47.1,47.1,47.1
2024-05-23,46.74,47.3,46.64,47.1
2024-05-22,46.68,46.84,46.5,46.74
2024-05-21,46.59,46.7,46.47,46.59
2024-05-20,46.8,46.9,46.49,46.59
2024-05-17,46.86,46.86,46.85,46.86
2024-05-16,46.78,47.54,46.73,46.86
2024-05-15,46.8,46.94,46.71,46.78
2024-05-14,47.02,47.12,46.75,46.8
2024-05-13,47.23,47.33,46.92,47.02
2024-05-10,47.35,47.35,47.35,47.35
2024-05-09,47.5,47.6,47.15,47.35
2024-05-08,47.67,47.77,47.421,47.5
2024-05-07,47.9,48.0055,47.58,47.67
2024-05-06,47.9,47.91,47.9,47.91
2024-05-03,47.9,47.9,47.9,47.9
2024-05-02,47.83,48.1,47.71,47.9
2024-05-01,47.84,48.02,47.67,47.81
2024-04-30,47.87,47.95,47.62,47.8
2024-04-29,47.7,47.97,47.47,47.8
2024-04-26,47.85,47.85,47.85,47.85
2024-04-25,47.85,47.85,47.67,47.85
2024-04-24,48.05,48.1,47.75,47.85
2024-04-23,48.1,48.2,47.93,48.0
2024-04-22,48.35,48.42,47.98,48.12
2024-04-19,48.28,48.29,48.28,48.28
2024-04-18,48.4,48.57,48.18,48.28
2024-04-17,48.5,48.83,48.4,48.45
2024-04-16,48.24,48.71,48.2,48.49
2024-04-15,47.55,48.7,47.43,48.2
2024-04-12,47.5,47.53,47.5,47.53
2024-04-11,47.5,47.5,47.5,47.5
2024-04-10,47.5,47.5,47.5,47.5
2024-04-09,47.5,47.53,47.5,47.5
2024-04-08,47.5,47.75,47.4,47.5
2024-04-05,47.3,47.33,47.3,47.33
2024-04-04,47.3,47.46,47.22,47.3
2024-04-03,47.11,47.36,47.11,47.3
2024-04-02,47.1,47.25,47.01,47.11
2024-04-01,47.2,47.3,47.04,47.1
2024-03-29,47.35,47.35,47.34,47.34
2024-03-28,47.2,47.45,47.0,47.35
2024-03-27,47.77,47.85,47.13,47.2
2024-03-26,47.35,47.9,47.3,47.77
2024-03-25,46.54,47.5,46.44,47.35
2024-03-22,46.6,46.7,46.6,46.7
2024-03-21,46.85,47.04,46.52,46.6
2024-03-20,47.0,47.15,46.8,46.85
2024-03-19,47.06,47.24,46.9,47.0
2024-03-18,47.19,47.37,47.0,47.06
2024-03-15,47.75,47.77,47.3,47.75
2024-03-14,48.4,48.52,47.7,47.75
2024-03-13,48.75,48.75,48.3,48.4
2024-03-12,49.0,49.13,48.65,48.75
2024-03-11,49.15,49.15,48.97,49.0
2024-03-08,49.3,49.35,49.3,49.35
2024-03-07,49.5,49.5,49.25,49.3
2024-03-06,30.85,50.75,30.75,49.5
2024-03-05,30.85,30.9499,30.75,30.85
2024-03-04,30.93,30.9499,30.75,30.85
2024-03-01,30.85,30.85,30.83,30.85
2024-02-29,30.93,30.9499,30.75,30.85
2024-02-28,30.85,30.9499,30.75,30.84
2024-02-27,30.93,30.9499,30.75,30.85
2024-02-26,30.9499,30.9499,30.75,30.93
2024-02-23,30.85,30.85,30.85,30.85
2024-02-22,30.85,30.9499,30.75,30.85
2024-02-21,30.93,30.9499,30.75,30.85
2024-02-20,30.85,30.9499,30.75,30.93
2024-02-19,30.85,30.9499,30.75,30.85
2024-02-16,30.85,30.85,30.8,30.85
2024-02-15,30.85,30.9499,30.75,30.85
2024-02-14,30.85,30.9499,30.75,30.85
2024-02-13,30.85,30.9499,30.75,30.85
2024-02-12,30.85,30.9499,30.75,30.85
2024-02-09,30.85,30.85,30.83,30.85
2024-02-08,30.85,30.9499,30.75,30.85
2024-02-07,30.85,30.9499,30.75,30.85
2024-02-06,30.85,30.85,30.83,30.85
2024-02-05,30.85,30.9499,30.75,30.85
2024-02-02,30.85,30.85,30.83,30.85
2024-02-01,30.85,30.9499,30.75,30.85
2024-01-31,30.93,30.9499,30.75,30.85
2024-01-30,30.85,30.93,30.83,30.93
2024-01-29,30.92,30.92,30.83,30.84
2024-01-26,30.85,30.85,30.83,30.85
2024-01-25,30.85,30.85,30.83,30.85
2024-01-24,30.85,30.9499,30.75,30.85
2024-01-23,30.85,30.9499,30.75,30.85
2024-01-22,30.85,30.9499,30.75,30.85
2024-01-19,30.85,30.85,30.83,30.85
2024-01-18,30.85,30.9499,30.75,30.85
2024-01-17,30.85,30.9499,30.75,30.85
2024-01-16,30.93,30.9499,30.75,30.85
2024-01-15,30.85,30.9499,30.75,30.93
2024-01-12,30.85,30.85,30.83,30.85
2024-01-11,30.85,30.9499,30.75,30.85
2024-01-10,30.85,30.9499,30.75,30.85
2024-01-09,30.85,30.9499,30.75,30.85
2024-01-08,30.85,30.9499,30.75,30.84
2024-01-05,30.75,30.84,30.75,30.75
2024-01-04,30.9,30.9499,30.75,30.75
2024-01-03,30.9,30.9499,30.75,30.9
2024-01-02,30.85,30.9499,30.75,30.9
2024-01-01,30.85,30.85,30.85,30.85
2023-12-29,30.9,30.9,30.9,30.9
2023-12-28,30.75,30.9499,30.75,30.9
2023-12-27,30.85,30.9499,30.75,30.75
2023-12-26,30.85,30.85,30.83,30.85
2023-12-25,30.75,30.9499,30.75,30.9499
2023-12-22,30.85,30.85,30.83,30.85
2023-12-21,30.85,30.9499,30.75,30.84
2023-12-20,30.9,30.9499,30.75,30.85
2023-12-19,30.85,30.9499,30.75,30.9
2023-12-18,30.92,30.9499,30.75,30.85
2023-12-15,30.9,30.9,30.9,30.9
2023-12-14,30.85,30.9499,30.75,30.9
2023-12-13,30.9,30.9499,30.75,30.85
2023-12-12,30.9,30.9499,30.75,30.9
2023-12-11,30.85,30.9499,30.75,30.9
2023-12-08,30.85,30.85,30.83,30.85
2023-12-07,30.9499,30.9499,30.83,30.85
2023-12-06,30.75,30.9499,30.75,30.9499
2023-12-05,30.9,30.9499,30.75,30.75
2023-12-04,30.85,30.9499,30.75,30.84
2023-12-01,30.85,30.85,30.83,30.85
2023-11-30,30.9499,30.9499,30.75,30.85
2023-11-29,30.9,30.9499,30.75,30.9499
2023-11-28,30.85,30.9499,30.75,30.84
2023-11-27,30.85,30.9499,30.83,30.85
2023-11-24,30.85,30.85,30.85,30.85
2023-11-23,30.85,30.9499,30.75,30.85
2023-11-22,30.85,30.9499,30.75,30.85
2023-11-21,30.92,30.9499,30.75,30.85
2023-11-20,30.85,30.9499,30.84,30.92
2023-11-17,30.9,30.9,30.9,30.9
2023-11-16,30.9,30.9499,30.75,30.9
2023-11-15,30.85,30.9,30.83,30.9
2023-11-14,30.85,30.9499,30.75,30.85
2023-11-13,30.85,30.9499,30.75,30.85
2023-11-10,30.85,30.85,30.85,30.85
2023-11-09,30.85,30.9499,30.75,30.85
2023-11-08,30.75,30.9499,30.75,30.85
2023-11-07,30.85,30.9499,30.75,30.84
2023-11-06,30.85,30.9499,30.75,30.85
2023-11-03,30.85,30.85,30.83,30.85
2023-11-02,30.85,30.9499,30.75,30.85
2023-11-01,30.9,30.9499,30.75,30.85
2023-10-31,30.85,30.9499,30.75,30.9
2023-10-30,30.85,30.9499,30.75,30.85
2023-10-27,30.85,30.85,30.83,30.85
2023-10-26,30.85,30.9499,30.75,30.85
2023-10-25,30.9,30.9499,30.83,30.85
2023-10-24,30.85,30.9499,30.75,30.9
2023-10-23,30.85,30.9499,30.75,30.83
2023-10-20,30.85,30.85,30.84,30.85
2023-10-19,30.9,30.9499,30.75,30.85
2023-10-18,30.85,30.9499,30.83,30.9
2023-10-17,30.9,30.9499,30.75,30.85
2023-10-16,30.85,30.9499,30.75,30.9
2023-10-13,30.85,30.85,30.85,30.85
2023-10-12,30.9,30.9499,30.75,30.85
2023-10-11,30.85,30.9499,30.75,30.84
2023-10-10,30.85,30.9499,30.75,30.85
2023-10-09,30.85,30.9499,30.75,30.85
2023-10-06,30.75,30.75,30.75,30.75
2023-10-05,30.75,30.84,30.75,30.75
2023-10-04,30.9,30.9499,30.75,30.75
2023-10-03,30.9,30.9499,30.75,30.9
2023-10-02,30.85,30.9499,30.75,30.84
2023-09-29,30.85,30.85,30.84,30.85
2023-09-28,30.85,30.85,30.83,30.85
2023-09-27,30.9,30.9499,30.75,30.85
2023-09-26,30.9,30.9499,30.75,30.9
2023-09-25,30.92,30.9499,30.75,30.9
2023-09-22,30.85,30.85,30.85,30.85
2023-09-21,30.85,30.9499,30.75,30.85
2023-09-20,30.85,30.9499,30.75,30.85
2023-09-19,30.85,30.85,30.83,30.83
2023-09-18,30.94,30.9499,30.75,30.84
2023-09-15,30.9499,30.9499,30.83,30.83
2023-09-14,30.85,30.9499,30.75,30.9499
2023-09-13,30.85,30.9499,30.75,30.85
2023-09-12,30.9,30.9499,30.75,30.85
2023-09-11,30.94,30.9499,30.75,30.9
2023-09-08,30.85,30.85,30.85,30.85
2023-09-07,30.85,30.9499,30.75,30.85
2023-09-06,30.9,30.9499,30.75,30.85
2023-09-05,30.85,30.9499,30.75,30.9
2023-09-04,30.9499,30.9499,30.75,30.85
2023-09-01,30.85,30.85,30.85,30.85
2023-08-31,30.85,30.9499,30.75,30.85
2023-08-30,30.9499,30.9499,30.75,30.85
2023-08-29,30.85,30.9499,30.85,30.9499
2023-08-28,30.75,30.9499,30.75,30.85
2023-08-25,30.85,30.85,30.85,30.85
2023-08-24,30.85,30.9499,30.75,30.85
2023-08-23,30.85,30.9499,30.75,30.85
2023-08-22,30.85,30.9499,30.75,30.85
2023-08-21,30.9,30.9499,30.75,30.85
2023-08-18,30.85,30.85,30.85,30.85
2023-08-17,30.85,30.9499,30.75,30.85
2023-08-16,30.85,30.9499,30.75,30.85
2023-08-15,30.85,30.9499,30.75,30.84
2023-08-14,30.9499,30.9499,30.75,30.85
2023-08-11,30.85,30.85,30.85,30.85
2023-08-10,30.85,30.9499,30.75,30.85
2023-08-09,30.85,30.9499,30.75,30.85
2023-08-08,30.85,30.9499,30.75,30.85
2023-08-07,30.75,30.9499,30.75,30.85
2023-08-04,30.9499,30.9499,30.9499,30.9499
2023-08-03,30.85,30.9499,30.75,30.83
2023-08-02,30.85,30.9499,30.75,30.85
2023-08-01,30.85,30.9499,30.75,30.85
2023-07-31,30.85,30.9499,30.75,30.85
2023-07-28,30.85,30.85,30.83,30.85
2023-07-27,30.85,30.9499,30.75,30.85
2023-07-26,30.85,30.9499,30.75,30.85
2023-07-25,30.85,30.85,30.83,30.85
2023-07-24,30.85,30.9499,30.75,30.85
2023-07-21,30.75,30.75,30.75,30.75
2023-07-20,30.75,30.84,30.75,30.84
2023-07-19,30.85,30.9499,30.75,30.84
2023-07-18,30.85,30.9499,30.75,30.83
2023-07-17,30.85,30.9499,30.75,30.85
2023-07-14,30.85,30.85,30.83,30.85
2023-07-13,30.9,30.9499,30.7383,30.85
2023-07-12,30.9,30.9499,30.75,30.84
2023-07-11,30.85,30.9499,30.75,30.9
2023-07-10,30.85,30.9499,30.75,30.84
2023-07-07,30.85,30.85,30.83,30.83
2023-07-06,30.85,30.9499,30.75,30.85
2023-07-05,30.85,30.9499,30.75,30.85
2023-07-04,30.75,30.9499,30.75,30.85
2023-07-03,30.85,30.85,30.83,30.84
2023-06-30,30.85,30.85,30.83,30.85
2023-06-29,30.85,30.85,30.83,30.84
2023-06-28,30.85,30.85,30.83,30.85
2023-06-27,30.85,30.85,30.85,30.85
2023-06-26,30.85,30.85,30.83,30.85
2023-06-23,30.88,30.88,30.83,30.85
2023-06-22,30.85,30.9499,30.83,30.88
2023-06-21,30.85,30.9499,30.75,30.85
2023-06-20,30.85,30.9499,30.75,30.85
2023-06-19,30.85,30.9499,30.75,30.85
2023-06-16,30.85,30.85,30.84,30.85
2023-06-15,30.85,30.9499,30.83,30.85
2023-06-14,30.85,30.9499,30.75,30.85
2023-06-13,30.85,30.9499,30.75,30.85
2023-06-12,30.85,30.9499,30.75,30.85
2023-06-09,30.9499,30.9499,30.83,30.84
2023-06-08,30.9499,30.9499,30.75,30.84
2023-06-07,30.85,30.9499,30.75,30.9499
2023-06-06,30.75,30.9499,30.75,30.85
2023-06-05,30.85,30.9499,30.75,30.75
2023-06-02,30.85,30.85,30.83,30.85
2023-06-01,30.85,30.9499,30.75,30.85
2023-05-31,30.75,30.9499,30.75,30.85
2023-05-30,30.85,30.9499,30.75,30.85
2023-05-29,30.85,30.9499,30.75,30.85
2023-05-26,30.85,30.85,30.82,30.85
2023-05-25,30.85,30.9499,30.75,30.85
2023-05-24,30.75,30.9499,30.75,30.85
2023-05-23,30.85,30.9499,30.75,30.75
2023-05-22,30.85,30.9499,30.75,30.85
2023-05-19,30.85,30.85,30.83,30.85
2023-05-18,30.85,30.9499,30.75,30.85
2023-05-17,30.85,30.9499,30.75,30.85
2023-05-16,30.85,30.9499,30.75,30.85
2023-05-15,30.85,30.9499,30.75,30.85
2023-05-12,30.85,30.85,30.83,30.83
2023-05-11,30.73,30.9499,30.73,30.82
2023-05-10,30.85,30.9499,30.75,30.85
2023-05-09,30.85,30.9499,30.75,30.82
2023-05-08,30.85,30.9499,30.75,30.85
2023-05-05,30.9499,30.9499,30.75,30.75
2023-05-04,30.9499,30.9499,30.83,30.83
2023-05-03,30.88,30.9499,30.75,30.9499
2023-05-02,30.85,30.9499,30.75,30.88
2023-05-01,30.85,30.85,30.83,30.85
2023-04-28,30.85,30.85,30.83,30.85
2023-04-27,30.9499,30.9499,30.75,30.85
2023-04-26,30.85,30.9499,30.83,30.9499
2023-04-25,30.85,30.85,30.84,30.85
2023-04-24,30.85,30.85,30.83,30.85
2023-04-21,30.85,30.85,30.85,30.85
2023-04-20,30.85,30.85,30.82,30.85
2023-04-19,30.85,30.9499,30.75,30.85
2023-04-18,30.85,30.9499,30.75,30.85
2023-04-17,30.85,30.85,30.83,30.85
2023-04-14,30.85,30.85,30.84,30.85
2023-04-13,30.85,30.9499,30.75,30.85
2023-04-12,30.75,30.9499,30.75,30.85
2023-04-11,30.85,30.9499,30.75,30.75
2023-04-10,30.85,30.9499,30.75,30.85
2023-04-07,30.85,30.85,30.83,30.85
2023-04-06,30.85,30.9499,30.75,30.85
2023-04-05,30.85,30.9499,30.75,30.85
2023-04-04,30.85,30.9499,30.75,30.85
2023-04-03,30.85,30.9499,30.75,30.85
2023-03-31,30.85,30.85,30.75,30.75
2023-03-30,30.75,30.9499,30.75,30.85
2023-03-29,30.85,30.9499,30.75,30.75
2023-03-28,30.85,30.9499,30.75,30.85
2023-03-27,30.85,30.9499,30.75,30.85
2023-03-24,30.9499,30.9499,30.85,30.85
2023-03-23,30.85,30.9499,30.75,30.9499
2023-03-22,30.85,30.9499,30.75,30.85
2023-03-21,30.85,30.9499,30.85,30.85
2023-03-20,30.9499,30.9499,30.75,30.85
2023-03-17,30.75,30.84,30.75,30.75
2023-03-16,30.85,30.9499,30.75,30.75
2023-03-15,30.85,30.9499,30.83,30.85
2023-03-14,30.85,30.9499,30.75,30.85
2023-03-13,30.9499,30.9499,30.75,30.85
2023-03-10,30.85,30.85,30.84,30.85
2023-03-09,30.83,30.85,30.83,30.85
2023-03-08,30.68,30.9299,30.68,30.83
2023-03-07,30.8299,30.8299,30.63,30.68
2023-03-06,30.72,30.8299,30.57,30.8299
2023-03-03,30.7699,30.7699,30.66,30.7699
2023-03-02,30.58,30.7799,30.48,30.7699
2023-03-01,30.58,30.6799,30.48,30.58
2023-02-28,30.58,30.6799,30.48,30.58
2023-02-27,30.58,30.61,30.56,30.58
2023-02-24,30.58,30.58,30.56,30.58
2023-02-23,30.58,30.6799,30.48,30.58
2023-02-22,30.55,30.6799,30.45,30.58
2023-02-21,30.53,30.6299,30.43,30.55
2023-02-20,30.6199,30.6299,30.42,30.53
2023-02-17,30.52,30.52,30.5,30.52
2023-02-16,30.52,30.6199,30.42,30.52
2023-02-15,30.56,30.6199,30.42,30.52
2023-02-14,30.5,30.5999,30.4,30.56
2023-02-13,30.48,30.5999,30.38,30.5
2023-02-10,30.45,30.45,30.44,30.45
2023-02-09,30.32,30.5499,30.22,30.45
2023-02-08,30.25,30.4199,30.22,30.32
2023-02-07,30.15,30.3499,30.15,30.25
2023-02-06,30.23,30.32,30.15,30.15
2023-02-03,30.23,30.23,30.22,30.23
2023-02-02,30.15,30.3299,30.05,30.23
2023-02-01,30.13,30.25,30.03,30.15
2023-01-31,30.07,30.2,30.07,30.13
2023-01-30,29.9399,30.0999,29.79,30.07
2023-01-27,29.84,29.84,29.83,29.84
2023-01-26,29.84,29.84,29.82,29.84
2023-01-25,29.82,29.9399,29.74,29.84
2023-01-24,29.82,29.9399,29.72,29.82
2023-01-23,29.8899,29.9199,29.69,29.82
2023-01-20,29.79,29.79,29.79,29.79
2023-01-19,29.6,29.89,29.5,29.79
2023-01-18,29.53,29.65,29.43,29.6
2023-01-17,29.6,29.66,29.43,29.53
2023-01-16,29.6475,29.685,29.3,29.6
2023-01-13,29.5,29.52,29.5,29.5
2023-01-12,29.65,30.68,29.3,29.5
2023-01-11,27.65,32.19,27.5,29.65
2023-01-10,27.55,27.7299,27.4,27.65
2023-01-09,27.15,27.6999,27.0,27.55
2023-01-06,27.15,27.16,27.07,27.15
2023-01-05,26.4,27.2499,26.25,27.15
2023-01-04,24.76,26.4,24.68,26.4
2023-01-03,24.67,24.7899,24.66,24.76
2023-01-02,24.74,24.7699,24.65,24.67
2022-12-30,24.74,24.74,24.69,24.69
2022-12-29,24.7695,24.7699,24.65,24.74
2022-12-28,24.65,24.7699,24.64,24.7695
2022-12-27,24.7495,24.7499,24.58,24.65
2022-12-26,24.7495,24.7499,24.64,24.7495
2022-12-23,24.7499,24.7499,24.66,24.7499
2022-12-22,24.72,24.7499,24.64,24.7499
2022-12-21,24.65,24.7499,24.64,24.72
2022-12-20,24.72,24.7499,24.62,24.65
2022-12-19,24.7199,24.7499,24.6,24.72
2022-12-16,24.65,24.65,24.63,24.65
2022-12-15,24.71,24.7199,24.6,24.65
2022-12-14,24.63,24.7199,24.55,24.71
2022-12-13,24.63,24.6798,24.58,24.63
2022-12-12,24.54,24.6799,24.54,24.63
2022-12-09,24.55,24.56,24.55,24.55
2022-12-08,24.64,24.65,24.54,24.55
2022-12-07,24.55,24.65,24.51,24.64
2022-12-06,24.51,24.6499,24.51,24.55
2022-12-05,24.6099,24.611,24.51,24.51
2022-12-02,24.53,24.54,24.53,24.53
2022-12-01,24.5,24.6099,24.5,24.53
2022-11-30,24.5,24.6,24.5,24.5
2022-11-29,24.54,24.6,24.5,24.5
2022-11-28,24.48,24.55,24.48,24.54
2022-11-25,24.57,24.57,24.5,24.57
2022-11-24,24.53,24.5799,24.48,24.57
2022-11-23,24.46,24.58,24.46,24.53
2022-11-22,24.5,24.5599,24.45,24.46
2022-11-21,24.42,24.5599,24.41,24.5
2022-11-18,24.51,24.51,24.43,24.51
2022-11-17,24.46,24.5199,24.41,24.51
2022-11-16,24.43,24.51,24.38,24.46
2022-11-15,24.459,24.4799,24.35,24.43
2022-11-14,24.36,24.459,24.36,24.459
2022-11-11,24.34,24.34,24.34,24.34
2022-11-10,24.37,24.4499,24.3,24.34
2022-11-09,24.35,24.4299,24.3,24.37
2022-11-08,24.29,24.3999,24.2,24.31
2022-11-07,24.2,24.36,24.15,24.29
2022-11-04,24.2,24.2,24.19,24.2
2022-11-03,24.03,24.2999,24.0,24.2
2022-11-02,24.15,24.25,24.0,24.03
2022-11-01,24.15,24.24,23.95,24.15
2022-10-31,23.8,24.21,23.8,24.15
2022-10-28,23.1,23.1,22.84,22.85
2022-10-27,19.67,23.1,19.65,23.1
2022-10-26,19.68,19.73,19.63,19.67
2022-10-25,19.61,19.71,19.6,19.65
2022-10-24,19.61,19.66,19.61,19.61
2022-10-21,19.5199,19.62,19.5199,19.5199
2022-10-20,19.65,19.69,19.5199,19.5199
2022-10-19,19.61,19.69,19.61,19.65
2022-10-18,19.65,19.69,19.61,19.61
2022-10-17,19.63,19.69,19.61,19.65
2022-10-14,19.61,19.61,19.61,19.61
2022-10-13,19.66,19.69,19.59,19.61
2022-10-12,19.66,19.69,19.61,19.66
2022-10-11,19.64,19.69,19.59,19.66
2022-10-10,19.67,19.68,19.59,19.64
2022-10-07,19.59,19.63,19.59,19.63
2022-10-06,19.63,19.63,19.59,19.59
2022-10-05,19.61,19.67,19.59,19.63
2022-10-04,19.591,19.68,19.57,19.63
2022-10-03,19.49,19.66,19.39,19.57
2022-09-30,19.49,19.52,19.49,19.49
2022-09-29,19.5,19.585,19.46,19.49
2022-09-28,19.44,19.5399,19.44,19.5
2022-09-27,19.48,19.535,19.37,19.44
2022-09-26,19.46,19.535,19.42,19.48
2022-09-23,19.46,19.46,19.44,19.46
2022-09-22,19.44,19.515,19.4,19.46
2022-09-21,19.41,19.52,19.34,19.44
2022-09-20,19.39,19.46,19.35,19.41
2022-09-19,19.445,19.445,19.0,19.39
2022-09-16,19.4,19.4,19.37,19.4
2022-09-15,19.32,19.43,19.32,19.4
2022-09-14,19.31,19.4,19.31,19.32
2022-09-13,19.33,19.385,19.29,19.31
2022-09-12,19.27,19.37,19.17,19.33
2022-09-09,19.31,19.31,19.25,19.31
2022-09-08,19.24,19.335,19.17,19.31
2022-09-07,19.24,19.28,19.16,19.24
2022-09-06,19.21,19.265,19.1,19.24
2022-09-05,19.16,19.25,19.16,19.21
2022-09-02,19.2,19.2,19.17,19.2
2022-09-01,19.21,19.24,19.12,19.2
2022-08-31,19.21,19.255,19.16,19.21
2022-08-30,19.18,19.255,19.14,19.21
2022-08-29,19.19,19.215,19.12,19.18
2022-08-26,19.17,19.17,19.13,19.17
2022-08-25,19.19,19.215,19.11,19.17
2022-08-24,19.14,19.205,19.11,19.19
2022-08-23,19.16,19.18,19.1,19.14
2022-08-22,19.16,19.16,19.08,19.16
2022-08-19,19.12,19.12,19.09,19.12
2022-08-18,19.08,19.16,19.08,19.12
2022-08-17,19.12,19.16,19.08,19.08
2022-08-16,19.12,19.16,19.08,19.12
2022-08-15,19.08,19.17,19.08,19.12
2022-08-12,19.12,19.12,19.09,19.12
2022-08-11,19.1,19.16,19.08,19.12
2022-08-10,19.14,19.17,19.08,19.08
2022-08-09,19.16,19.16,19.07,19.14
2022-08-08,19.06,19.17,19.06,19.16
2022-08-05,19.1,19.1,19.06,19.06
2022-08-04,19.03,19.14,19.03,19.07
2022-08-03,19.01,19.11,18.97,19.04
2022-08-02,18.96,19.05,18.89,19.01
2022-08-01,18.93,18.98,18.89,18.91
2022-07-29,18.87,18.88,18.87,18.87
2022-07-28,18.91,18.96,18.87,18.87
2022-07-27,18.95,18.96,18.87,18.91
2022-07-26,18.95,18.95,18.87,18.95
2022-07-25,18.95,18.96,18.87,18.95
2022-07-22,18.87,18.87,18.87,18.87
2022-07-21,18.94,18.94,18.87,18.87
2022-07-20,18.86,18.95,18.86,18.94
2022-07-19,18.91,18.94,18.83,18.86
2022-07-18,18.81,18.92,18.81,18.91
2022-07-15,18.85,18.85,18.85,18.85
2022-07-14,18.84,18.85,18.84,18.85
2022-07-13,18.85,18.85,18.84,18.84
2022-07-12,18.85,18.85,18.85,18.85
2022-07-11,18.83,18.85,18.83,18.85
2022-07-08,18.86,18.86,18.83,18.83
2022-07-07,18.86,18.9,18.81,18.86
2022-07-06,18.81,18.9,18.81,18.86
2022-07-05,18.84,18.9,18.79,18.81
2022-07-04,18.76,18.87,18.76,18.84
2022-07-01,18.76,18.76,18.76,18.76
2022-06-30,18.76,18.76,18.76,18.76
2022-06-29,18.78,18.82,18.71,18.76
2022-06-28,18.76,18.795,18.69,18.78
2022-06-27,18.74,18.78,18.69,18.76
2022-06-24,18.76,18.76,18.7,18.76
2022-06-23,18.69,18.78,18.69,18.76
2022-06-22,18.71,18.78,18.69,18.69
2022-06-21,18.76,18.78,18.69,18.71
2022-06-20,18.775,18.78,18.69,18.76
2022-06-17,18.69,18.71,18.69,18.69
2022-06-16,18.74,18.775,18.67,18.69
2022-06-15,18.7,18.785,18.58,18.74
2022-06-14,18.69,18.77,18.65,18.7
2022-06-13,18.63,18.74,18.63,18.69
2022-06-10,18.69,18.69,18.63,18.69
2022-06-09,18.65,18.72,18.63,18.69
2022-06-08,18.66,18.71,18.61,18.65
2022-06-07,18.63,18.69,18.58,18.66
2022-06-06,18.58,18.66,18.58,18.63
2022-06-03,18.58,18.6,18.58,18.6
2022-06-02,18.6,18.665,18.56,18.58
2022-06-01,18.58,18.64,18.53,18.57
2022-05-31,18.58,18.61,18.53,18.58
2022-05-30,18.56,18.61,18.53,18.58
2022-05-27,18.58,18.58,18.53,18.58
2022-05-26,18.58,18.61,18.46,18.58
2022-05-25,18.49,18.61,18.4475,18.58
2022-05-24,18.37,18.53,18.33,18.49
2022-05-23,18.24,18.42,18.21,18.37
2022-05-20,18.25,18.25,18.22,18.25
2022-05-19,18.21,18.29,18.21,18.25
2022-05-18,18.25,18.2905,18.21,18.21
2022-05-17,18.25,18.3,18.2,18.25
2022-05-16,18.28,18.32,18.2,18.25
2022-05-13,18.27,18.27,18.25,18.27
2022-05-12,18.35,18.45,18.23,18.27
2022-05-11,18.43,18.51,18.32,18.35
2022-05-10,18.43,18.5,18.41,18.43
2022-05-09,18.5,18.515,18.43,18.43
2022-05-06,18.43,18.43,18.43,18.43
2022-05-05,18.43,18.43,18.42,18.43
2022-05-04,18.43,18.43,18.41,18.43
2022-05-03,18.43,18.43,18.42,18.43
2022-05-02,18.43,18.44,18.43,18.43
2022-04-29,18.45,18.45,18.41,18.41
2022-04-28,18.47,18.52,18.36,18.45
2022-04-27,18.48,18.55,18.42,18.47
2022-04-26,18.52,18.58,18.41,18.48
2022-04-25,18.56,18.56,18.51,18.52
2022-04-22,18.56,18.56,18.5,18.56
2022-04-21,18.46,18.59,18.4,18.56
2022-04-20,18.44,18.5,18.37,18.46
2022-04-19,18.41,18.4875,18.32,18.44
2022-04-18,18.38,18.45,18.32,18.41
2022-04-15,18.35,18.35,18.33,18.35
2022-04-14,18.36,18.3875,18.33,18.35
2022-04-13,18.45,18.54,18.35,18.36
2022-04-12,18.41,18.544,18.37,18.45
2022-04-11,18.3,18.41,18.3,18.41
2022-04-08,18.29,18.29,18.27,18.29
2022-04-07,18.26,18.355,18.23,18.29
2022-04-06,18.19,18.33,18.19,18.26
2022-04-05,18.23,18.26,18.19,18.19
2022-04-04,18.2,18.25,18.19,18.19
2022-04-01,18.23,18.23,18.23,18.23
2022-03-31,18.22,18.29,18.2,18.23
2022-03-30,18.27,18.3,18.2,18.22
2022-03-29,18.25,18.3325,18.25,18.27
2022-03-28,18.25,18.34,18.25,18.26
2022-03-25,18.28,18.45,18.26,18.45
2022-03-24,18.32,18.46,18.19,18.25
2022-03-23,18.5275,18.5275,18.26,18.32
2022-03-22,18.17,18.53,18.15,18.5275
2022-03-21,15.7399,18.23,15.59,18.17
2022-03-18,15.65,15.68,15.65,15.68
2022-03-17,15.68,15.74,15.64,15.68
2022-03-16,15.66,15.74,15.64,15.68
2022-03-15,15.72,15.74,15.64,15.66
2022-03-14,15.7399,15.74,15.64,15.72
2022-03-11,15.68,15.68,15.64,15.64
2022-03-10,15.72,15.74,15.64,15.68
2022-03-09,15.72,15.74,15.64,15.72
2022-03-08,15.72,15.74,15.64,15.72
2022-03-07,15.69,15.74,15.64,15.72
2022-03-04,15.71,15.71,15.64,15.64
2022-03-03,15.68,15.74,15.61,15.71
2022-03-02,15.66,15.74,15.64,15.68
2022-03-01,15.66,15.74,15.64,15.66
2022-02-28,15.66,15.74,15.64,15.66
2022-02-25,15.73,15.73,15.65,15.73
2022-02-24,15.68,15.731,15.64,15.73
2022-02-23,15.67,15.735,15.64,15.68
2022-02-22,15.67,15.74,15.64,15.67
2022-02-21,15.66,15.735,15.64,15.67
2022-02-18,15.71,15.71,15.65,15.71
2022-02-17,15.66,15.71,15.64,15.71
2022-02-16,15.68,15.73,15.64,15.66
2022-02-15,15.68,15.74,15.64,15.68
2022-02-14,15.66,15.745,15.64,15.68
2022-02-11,15.66,15.66,15.6,15.66
2022-02-10,15.71,15.74,15.64,15.66
2022-02-09,15.69,15.7425,15.64,15.71
2022-02-08,15.66,15.7325,15.64,15.69
2022-02-07,15.66,15.735,15.64,15.66
2022-02-04,15.71,15.71,15.66,15.71
2022-02-03,15.66,15.74,15.64,15.66
2022-02-02,15.66,15.74,15.65,15.66
2022-02-01,15.66,15.72,15.64,15.66
2022-01-31,15.66,15.72,15.64,15.66
2022-01-28,15.72,15.72,15.66,15.72
2022-01-27,15.72,15.72,15.65,15.72
2022-01-26,15.72,15.74,15.64,15.72
2022-01-25,15.66,15.74,15.64,15.72
2022-01-24,15.66,15.7405,15.64,15.66
2022-01-21,15.72,15.72,15.65,15.67
2022-01-20,15.66,15.72,15.64,15.72
2022-01-19,15.72,15.74,15.64,15.66
2022-01-18,15.67,15.745,15.64,15.72
2022-01-17,15.64,15.71,15.64,15.67
2022-01-14,15.64,15.64,15.64,15.64
2022-01-13,15.68,15.739,15.64,15.64
2022-01-12,15.66,15.7375,15.64,15.68
2022-01-11,15.7,15.74,15.64,15.66
2022-01-10,15.66,15.735,15.64,15.7
2022-01-07,15.67,15.67,15.65,15.67
2022-01-06,15.67,15.67,15.64,15.67
2022-01-05,15.7,15.74,15.64,15.67
2022-01-04,15.7375,15.74,15.64,15.7
2022-01-03,15.66,15.74,15.64,15.7375
2021-12-31,15.66,15.66,15.66,15.66
2021-12-30,15.66,15.752,15.64,15.66
2021-12-29,15.7,15.74,15.64,15.66
2021-12-28,15.68,15.74,15.64,15.7
2021-12-27,15.66,15.74,15.64,15.68
2021-12-24,15.66,15.66,15.66,15.66
2021-12-23,15.64,15.74,15.64,15.66
2021-12-22,15.67,15.74,15.64,15.73
2021-12-21,15.66,15.74,15.64,15.67
2021-12-20,15.65,15.7405,15.64,15.66
2021-12-17,15.72,15.72,15.65,15.65
2021-12-16,15.66,15.7405,15.64,15.72
2021-12-15,15.71,15.7405,15.64,15.72
2021-12-14,15.66,15.739,15.64,15.71
2021-12-13,15.66,15.7395,15.64,15.66
2021-12-10,15.66,15.66,15.65,15.66
2021-12-09,15.68,15.7575,15.64,15.65
2021-12-08,15.66,15.74,15.64,15.68
2021-12-07,15.68,15.7401,15.64,15.66
2021-12-06,15.66,15.739,15.61,15.68
2021-12-03,15.66,15.66,15.66,15.66
2021-12-02,15.66,15.739,15.64,15.66
2021-12-01,15.739,15.739,15.64,15.66
2021-11-30,15.68,15.74,15.61,15.739
2021-11-29,15.66,15.75,15.61,15.68
2021-11-26,15.68,15.68,15.65,15.68
2021-11-25,15.68,15.74,15.64,15.68
2021-11-24,15.68,15.68,15.64,15.68
2021-11-23,15.68,15.75,15.64,15.68
2021-11-22,15.65,15.74,15.64,15.68
2021-11-19,15.65,15.65,15.65,15.65
2021-11-18,15.68,15.7405,15.64,15.65
2021-11-17,15.66,15.74,15.64,15.68
2021-11-16,15.73,15.7395,15.64,15.66
2021-11-15,15.66,15.74,15.57,15.73
2021-11-12,15.68,15.68,15.65,15.68
2021-11-11,15.65,15.74,15.64,15.68
2021-11-10,15.66,15.74,15.63,15.66
2021-11-09,15.71,15.731,15.64,15.66
2021-11-08,15.66,15.735,15.64,15.71
2021-11-05,15.65,15.65,15.63,15.65
2021-11-04,15.7,15.74,15.64,15.65
2021-11-03,15.65,15.7425,15.63,15.7
2021-11-02,15.71,15.74,15.64,15.65
2021-11-01,15.66,15.74,15.64,15.71
2021-10-29,15.66,15.66,15.66,15.66
2021-10-28,15.66,15.74,15.64,15.66
2021-10-27,15.67,15.7405,15.64,15.66
2021-10-26,15.7,15.74,15.64,15.67
2021-10-25,15.66,15.7405,15.62,15.7
2021-10-22,15.65,15.65,15.64,15.65
2021-10-21,15.65,15.65,15.65,15.65
2021-10-20,15.68,15.74,15.64,15.65
2021-10-19,15.72,15.74,15.64,15.68
2021-10-18,15.66,15.74,15.64,15.64
2021-10-15,15.68,15.68,15.65,15.68
2021-10-14,15.67,15.74,15.64,15.68
2021-10-13,15.66,15.7325,15.64,15.67
2021-10-12,15.68,15.741,15.64,15.66
2021-10-11,15.66,15.7435,15.64,15.68
2021-10-08,15.65,15.65,15.64,15.65
2021-10-07,15.65,15.65,15.65,15.65
2021-10-06,15.66,15.73,15.64,15.65
2021-10-05,15.66,15.74,15.64,15.66
2021-10-04,15.738,15.74,15.64,15.66
2021-10-01,15.69,15.69,15.63,15.63
2021-09-30,15.66,15.7375,15.64,15.69
2021-09-29,15.66,15.74,15.64,15.65
2021-09-28,15.66,15.74,15.64,15.66
2021-09-27,15.66,15.74,15.64,15.66
2021-09-24,15.65,15.65,15.65,15.65
2021-09-23,15.66,15.74,15.64,15.65
2021-09-22,15.65,15.7375,15.63,15.66
2021-09-21,15.7,15.735,15.64,15.65
2021-09-20,15.66,15.74,15.64,15.7
2021-09-17,15.67,15.67,15.66,15.66
2021-09-16,15.67,15.74,15.64,15.67
2021-09-15,15.67,15.74,15.64,15.67
2021-09-14,15.68,15.735,15.64,15.67
2021-09-13,15.66,15.7325,15.61,15.68
2021-09-10,15.66,15.66,15.66,15.66
2021-09-09,15.7,15.735,15.63,15.66
2021-09-08,15.67,15.74,15.61,15.7
2021-09-07,15.67,15.735,15.63,15.67
2021-09-06,15.72,15.7275,15.63,15.67
2021-09-03,15.67,15.67,15.67,15.67
2021-09-02,15.67,15.7225,15.63,15.67
2021-09-01,15.65,15.725,15.63,15.67
2021-08-31,15.65,15.7275,15.62,15.65
2021-08-30,15.7175,15.7299,15.63,15.65
2021-08-27,15.65,15.65,15.65,15.65
2021-08-26,15.65,15.73,15.63,15.65
2021-08-25,15.65,15.7225,15.63,15.65
2021-08-24,15.65,15.7299,15.63,15.65
2021-08-23,15.71,15.728,15.63,15.65
2021-08-20,15.65,15.65,15.65,15.65
2021-08-19,15.65,15.7275,15.63,15.65
2021-08-18,15.67,15.73,15.63,15.65
2021-08-17,15.64,15.73,15.63,15.67
2021-08-16,15.65,15.725,15.61,15.64
2021-08-13,15.65,15.65,15.65,15.65
2021-08-12,15.65,15.65,15.65,15.65
2021-08-11,15.65,15.73,15.63,15.65
2021-08-10,15.65,15.71,15.63,15.65
2021-08-09,15.65,15.725,15.63,15.65
2021-08-06,15.66,15.66,15.66,15.66
2021-08-05,15.65,15.73,15.63,15.66
2021-08-04,15.65,15.73,15.63,15.65
2021-08-03,15.66,15.728,15.62,15.65
2021-08-02,15.63,15.725,15.63,15.66
2021-07-30,15.67,15.67,15.67,15.67
2021-07-29,15.65,15.725,15.63,15.67
2021-07-28,15.64,15.73,15.62,15.65
2021-07-27,15.64,15.71,15.63,15.64
2021-07-26,15.716,15.7199,15.62,15.64
2021-07-23,15.62,15.63,15.62,15.62
2021-07-22,15.62,15.64,15.62,15.62
2021-07-21,15.62,15.63,15.62,15.62
2021-07-20,15.62,15.64,15.62,15.62
2021-07-19,15.64,15.64,15.62,15.62
2021-07-16,15.67,15.67,15.67,15.67
2021-07-15,15.66,15.7225,15.61,15.67
2021-07-14,15.64,15.7175,15.61,15.66
2021-07-13,15.63,15.716,15.62,15.64
2021-07-12,15.64,15.7185,15.62,15.63
2021-07-09,15.64,15.64,15.64,15.64
2021-07-08,15.62,15.72,15.61,15.64
2021-07-07,15.64,15.72,15.61,15.62
2021-07-06,15.63,15.71,15.61,15.64
2021-07-05,15.63,15.71,15.61,15.63
2021-07-02,15.66,15.66,15.6,15.62
2021-07-01,15.66,15.66,15.61,15.66
2021-06-30,15.62,15.705,15.6,15.66
2021-06-29,15.62,15.6925,15.6,15.62
2021-06-28,15.67,15.698,15.6,15.62
2021-06-25,15.62,15.62,15.61,15.62
2021-06-24,15.59,15.7,15.59,15.62
2021-06-23,15.65,15.675,15.59,15.61
2021-06-22,15.61,15.68,15.59,15.65
2021-06-21,15.6,15.7,15.58,15.61
2021-06-18,15.63,15.63,15.58,15.6
2021-06-17,15.6,15.679,15.57,15.63
2021-06-16,15.58,15.675,15.58,15.6
2021-06-15,15.62,15.68,15.58,15.64
2021-06-14,15.63,15.6725,15.59,15.62
2021-06-11,15.62,15.62,15.58,15.59
2021-06-10,15.64,15.695,15.58,15.62
2021-06-09,15.6,15.699,15.6,15.64
2021-06-08,15.64,15.7,15.6,15.6
2021-06-07,15.64,15.719,15.62,15.64
2021-06-04,15.64,15.64,15.61,15.64
2021-06-03,15.64,15.715,15.62,15.64
2021-06-02,15.63,15.71,15.61,15.64
2021-06-01,15.66,15.7001,15.61,15.63
2021-05-31,15.63,15.709,15.61,15.66
2021-05-28,15.63,15.63,15.61,15.61
2021-05-27,15.64,15.705,15.6,15.63
2021-05-26,15.62,15.6999,15.6,15.64
2021-05-25,15.62,15.7,15.6,15.62
2021-05-24,15.6,15.69,15.6,15.62
2021-05-21,15.63,15.63,15.61,15.61
2021-05-20,15.63,15.71,15.61,15.63
2021-05-19,15.63,15.7088,15.6,15.63
2021-05-18,15.65,15.7095,15.61,15.63
2021-05-17,15.69,15.7099,15.6,15.61
2021-05-14,15.61,15.62,15.61,15.61
2021-05-13,15.63,15.63,15.61,15.61
2021-05-12,15.63,15.63,15.62,15.63
2021-05-11,15.62,15.7,15.6,15.63
2021-05-10,15.63,15.6975,15.6,15.62
2021-05-07,15.62,15.62,15.61,15.62
2021-05-06,15.62,15.65,15.6,15.62
2021-05-05,15.62,15.68,15.59,15.62
2021-05-04,15.61,15.705,15.59,15.62
2021-05-03,15.61,15.62,15.61,15.61
2021-04-30,15.61,15.61,15.61,15.61
2021-04-29,15.61,15.62,15.61,15.61
2021-04-28,15.63,15.7075,15.61,15.61
2021-04-27,15.67,15.7075,15.61,15.63
2021-04-26,15.705,15.7055,15.6,15.67
2021-04-23,15.67,15.67,15.62,15.67
2021-04-22,15.63,15.705,15.6,15.67
2021-04-21,15.68,15.7075,15.6,15.63
2021-04-20,15.66,15.708,15.61,15.62
2021-04-19,15.63,15.706,15.6,15.66
2021-04-16,15.63,15.63,15.63,15.63
2021-04-15,15.62,15.7,15.6,15.63
2021-04-14,15.64,15.713,15.62,15.62
2021-04-13,15.64,15.7,15.62,15.64
2021-04-12,15.6775,15.685,15.52,15.64
2021-04-09,15.66,15.66,15.66,15.66
2021-04-08,15.65,15.738,15.62,15.66
2021-04-07,15.66,15.739,15.64,15.65
2021-04-06,15.66,15.738,15.64,15.66
2021-04-05,15.66,15.73,15.64,15.66
2021-04-02,15.66,15.67,15.65,15.67
2021-04-01,15.675,15.725,15.6,15.66
2021-03-31,15.67,15.72,15.64,15.675
2021-03-30,15.67,15.7125,15.65,15.67
2021-03-29,15.6875,15.74,15.64,15.65
2021-03-26,15.67,15.67,15.67,15.67
2021-03-25,15.71,15.785,15.63,15.67
2021-03-24,15.72,15.785,15.69,15.71
2021-03-23,15.68,15.785,15.66,15.72
2021-03-22,15.7175,15.755,15.68,15.68
2021-03-19,15.63,15.64,15.63,15.63
2021-03-18,15.66,15.736,15.63,15.63
2021-03-17,15.64,15.74,15.63,15.66
2021-03-16,15.66,15.735,15.64,15.64
2021-03-15,15.63,15.68,15.6,15.68
2021-03-12,15.65,15.65,15.63,15.65
2021-03-11,15.68,15.77,15.57,15.65
2021-03-10,15.68,15.759,15.66,15.68
2021-03-09,15.68,15.7599,15.65,15.68
2021-03-08,15.65,15.75,15.63,15.68
2021-03-05,15.65,15.65,15.62,15.65
2021-03-04,15.62,15.69,15.6,15.63
2021-03-03,15.63,15.66,15.59,15.62
2021-03-02,15.68,15.735,15.6,15.63
2021-03-01,15.7125,15.75,15.64,15.68
2021-02-26,15.65,15.65,15.65,15.65
2021-02-25,15.63,15.7225,15.57,15.65
2021-02-24,15.63,15.7,15.6,15.63
2021-02-23,15.63,15.7025,15.61,15.63
2021-02-22,15.65,15.709,15.57,15.63
2021-02-19,15.61,15.61,15.59,15.6
2021-02-18,15.58,15.67,15.56,15.61
2021-02-17,15.57,15.68,15.55,15.58
2021-02-16,15.57,15.66,15.52,15.57
2021-02-15,15.54,15.69,15.53,15.57
2021-02-12,15.58,15.58,15.56,15.57
2021-02-11,15.61,15.66,15.53,15.58
2021-02-10,15.61,15.615,15.59,15.61
2021-02-09,15.61,15.6375,15.56,15.61
2021-02-08,15.621,15.64,15.57,15.58
2021-02-05,15.64,15.64,15.62,15.64
2021-02-04,15.68,15.68,15.62,15.64
2021-02-03,15.7,15.7375,15.62,15.68
2021-02-02,15.68,15.7575,15.66,15.7
2021-02-01,15.7325,15.7575,15.66,15.68
2021-01-29,15.66,15.67,15.66,15.66
2021-01-28,15.66,15.66,15.66,15.66
2021-01-27,15.68,15.755,15.66,15.66
2021-01-26,15.66,15.754,15.66,15.67
2021-01-25,15.68,15.745,15.63,15.66
2021-01-22,15.68,15.68,15.67,15.68
2021-01-21,15.71,15.7575,15.66,15.68
2021-01-20,15.66,15.76,15.64,15.71
2021-01-19,15.65,15.735,15.63,15.66
2021-01-18,15.69,15.7205,15.61,15.65
2021-01-15,15.61,15.61,15.61,15.61
2021-01-14,15.61,15.73,15.61,15.61
2021-01-13,15.62,15.7055,15.58,15.61
2021-01-12,15.6,15.695,15.58,15.62
2021-01-11,15.62,15.67,15.58,15.6
2021-01-08,15.65,15.65,15.63,15.63
2021-01-07,15.65,15.65,15.62,15.65
2021-01-06,15.62,15.68,15.6,15.65
2021-01-05,15.69,15.69,15.62,15.65
2021-01-04,15.68,15.725,15.66,15.69
2021-01-01,15.69,15.69,15.69,15.69
2020-12-31,15.68,15.74,15.66,15.69
2020-12-30,15.68,15.76,15.64,15.68
2020-12-29,15.67,15.77,15.64,15.68
2020-12-28,15.71,15.75,15.64,15.67
2020-12-25,15.64,15.64,15.64,15.64
2020-12-24,15.65,15.74,15.63,15.64
2020-12-23,15.62,15.72,15.62,15.65
2020-12-22,15.61,15.715,15.6,15.62
2020-12-21,15.58,15.68,15.58,15.61
2020-12-18,15.66,15.66,15.64,15.66
2020-12-17,15.64,15.735,15.58,15.63
2020-12-16,15.66,15.701,15.59,15.64
2020-12-15,15.7,15.7565,15.64,15.66
2020-12-14,15.7275,15.75,15.64,15.7
2020-12-11,15.66,15.66,15.63,15.63
2020-12-10,15.64,15.739,15.62,15.66
2020-12-09,15.63,15.73,15.61,15.64
2020-12-08,15.63,15.7095,15.61,15.63
2020-12-07,15.68,15.7,15.6,15.63
2020-12-04,15.62,15.62,15.54,15.62
2020-12-03,15.59,15.73,15.59,15.62
2020-12-02,15.61,15.688,15.59,15.61
2020-12-01,15.61,15.685,15.59,15.61
2020-11-30,15.6,15.6875,15.59,15.61
2020-11-27,15.59,15.59,15.59,15.59
2020-11-26,15.61,15.73,15.59,15.59
2020-11-25,15.6,15.685,15.57,15.61
2020-11-24,15.59,15.6725,15.57,15.6
2020-11-23,15.55,15.645,15.55,15.59
2020-11-20,15.55,15.57,15.55,15.55
2020-11-19,15.57,15.6,15.55,15.55
2020-11-18,15.58,15.603,15.55,15.56
2020-11-17,15.56,15.73,15.55,15.58
2020-11-16,15.56,15.6425,15.56,15.6
2020-11-13,15.59,15.59,15.56,15.59
2020-11-12,15.6,15.64,15.57,15.59
2020-11-11,15.6,15.6,15.6,15.6
2020-11-10,15.62,15.63,15.57,15.6
2020-11-09,15.61,15.65,15.58,15.58
2020-11-06,15.64,15.64,15.6,15.64
2020-11-05,15.67,15.75,15.62,15.64
2020-11-04,15.66,15.75,15.63,15.67
2020-11-03,15.7,15.75,15.64,15.66
2020-11-02,15.65,15.75,15.64,15.7
2020-10-30,15.65,15.65,15.61,15.65
2020-10-29,15.65,15.65,15.62,15.65
2020-10-28,15.67,15.73,15.63,15.65
2020-10-27,15.65,15.725,15.62,15.67
2020-10-26,15.66,15.73,15.63,15.65
2020-10-23,15.66,15.66,15.62,15.66
2020-10-22,15.65,15.73,15.61,15.66
2020-10-21,15.65,15.7175,15.61,15.65
2020-10-20,15.65,15.82,15.61,15.65
2020-10-19,15.65,15.7,15.61,15.65
2020-10-16,15.65,15.65,15.6,15.65
2020-10-15,15.65,15.6725,15.6,15.65
2020-10-14,15.64,15.6625,15.6,15.65
2020-10-13,15.65,15.66,15.6,15.64
2020-10-12,15.62,15.67,15.61,15.65
2020-10-09,15.66,15.66,15.65,15.65
2020-10-08,15.66,15.66,15.64,15.66
2020-10-07,15.67,15.73,15.63,15.66
2020-10-06,15.68,15.76,15.67,15.67
2020-10-05,15.68,15.711,15.66,15.66
2020-10-02,15.7,15.7,15.68,15.7
2020-10-01,15.73,15.76,15.69,15.7
2020-09-30,15.71,15.7725,15.68,15.73
2020-09-29,15.71,15.7775,15.68,15.71
2020-09-28,15.7655,15.87,15.69,15.71
2020-09-25,15.75,15.75,15.68,15.75
2020-09-24,15.7,15.77,15.68,15.75
2020-09-23,15.7,15.7725,15.67,15.7
2020-09-22,15.68,15.7825,15.66,15.75
2020-09-21,15.7,15.77,15.66,15.68
2020-09-18,15.71,15.71,15.68,15.71
2020-09-17,15.71,15.74,15.67,15.71
2020-09-16,15.71,15.82,15.68,15.71
2020-09-15,15.72,15.7525,15.68,15.71
2020-09-14,15.7,15.76,15.68,15.71
2020-09-11,15.71,15.71,15.69,15.71
2020-09-10,15.74,15.92,15.69,15.71
2020-09-09,15.75,15.78,15.73,15.74
2020-09-08,15.75,15.759,15.73,15.75
2020-09-07,15.7725,15.79,15.7,15.75
2020-09-04,15.76,15.76,15.75,15.76
2020-09-03,15.81,15.83,15.74,15.76
2020-09-02,15.82,15.84,15.77,15.81
2020-09-01,15.82,15.856,15.7,15.82
2020-08-31,15.79,15.85,15.7665,15.82
2020-08-28,15.82,15.82,15.82,15.82
2020-08-27,15.82,15.86,15.8,15.82
2020-08-26,15.85,15.87,15.8,15.82
2020-08-25,15.84,15.89,15.83,15.85
2020-08-24,15.88,15.91,15.82,15.84
2020-08-21,15.88,15.88,15.88,15.88
2020-08-20,15.88,15.88,15.88,15.88
2020-08-19,15.89,15.95,15.85,15.88
2020-08-18,15.89,15.985,15.85,15.89
2020-08-17,15.895,15.95,15.85,15.89
2020-08-14,15.88,15.88,15.88,15.88
2020-08-13,15.92,15.93,15.85,15.88
2020-08-12,15.93,16.0,15.9,15.92
2020-08-11,15.95,16.01,15.9,15.93
2020-08-10,15.985,16.005,15.9,15.95
2020-08-07,15.92,15.92,15.91,15.91
2020-08-06,15.96,15.98,15.9,15.92
2020-08-05,15.94,16.016,15.92,15.96
2020-08-04,15.92,15.99,15.9,15.94
2020-08-03,15.92,15.93,15.92,15.92
2020-07-31,15.92,15.92,15.92,15.92
2020-07-30,15.92,15.93,15.92,15.92
2020-07-29,15.95,15.999,15.9,15.92
2020-07-28,15.94,15.99,15.91,15.95
2020-07-27,15.93,16.005,15.9,15.94
2020-07-24,15.94,15.94,15.93,15.94
2020-07-23,15.94,15.94,15.94,15.94
2020-07-22,15.93,16.0175,15.91,15.94
2020-07-21,15.92,16.01,15.9,15.93
2020-07-20,15.955,15.985,15.91,15.92
2020-07-17,15.91,15.91,15.9,15.9
2020-07-16,15.92,15.98,15.89,15.91
2020-07-15,15.91,15.98,15.89,15.92
2020-07-14,15.92,16.01,15.89,15.91
2020-07-13,15.94,15.94,15.87,15.92
2020-07-10,15.94,15.94,15.93,15.94
2020-07-09,15.97,16.08,15.9,15.94
2020-07-08,15.99,16.03,15.94,15.97
2020-07-07,16.01,16.1,15.96,15.99
2020-07-06,16.0525,16.09,15.98,16.01
2020-07-03,16.07,16.07,16.07,16.07
2020-07-02,16.08,16.08,16.07,16.07
2020-07-01,16.11,16.14,16.07,16.08
2020-06-30,16.11,16.1675,16.07,16.11
2020-06-29,16.18,16.18,16.09,16.11
2020-06-26,16.12,16.12,16.1,16.11
2020-06-25,16.15,16.1985,16.1,16.12
2020-06-24,16.12,16.198,16.1,16.15
2020-06-23,16.13,16.19,16.1,16.12
2020-06-22,16.17,16.21,16.1,16.13
2020-06-19,16.13,16.13,16.11,16.13
2020-06-18,16.13,16.2,16.11,16.13
2020-06-17,16.13,16.21,16.11,16.13
2020-06-16,16.15,16.208,16.11,16.13
2020-06-15,16.185,16.2025,16.11,16.15
2020-06-12,16.13,16.13,16.08,16.13
2020-06-11,16.14,16.19,16.1,16.13
2020-06-10,16.14,16.18,16.11,16.14
2020-06-09,16.15,16.175,16.12,16.14
2020-06-08,16.17,16.26,16.1,16.15
2020-06-05,16.225,16.225,16.15,16.225
2020-06-04,16.03,16.23,16.01,16.225
2020-06-03,15.98,16.11,15.82,16.03
2020-06-02,15.88,16.01,15.7,15.98
2020-06-01,15.86,15.9599,15.7,15.87
2020-05-29,15.79,15.8,15.79,15.79
2020-05-28,15.79,15.81,15.79,15.79
2020-05-27,15.81,15.81,15.69,15.79
2020-05-26,15.81,15.81,15.81,15.81
2020-05-25,15.81,15.81,15.81,15.81
2020-05-22,15.81,15.81,15.81,15.81
2020-05-21,15.77,15.89,15.75,15.81
2020-05-20,15.74,15.85,15.72,15.77
2020-05-19,15.74,15.82,15.7,15.74
2020-05-18,15.7,15.83,15.68,15.69
2020-05-15,15.69,15.69,15.69,15.69
2020-05-14,15.7,15.7,15.69,15.69
2020-05-13,15.7,15.78,15.68,15.7
2020-05-12,15.7,15.78,15.68,15.69
2020-05-11,15.7,15.79,15.68,15.7
2020-05-08,15.7,15.7,15.69,15.7
2020-05-07,15.7,15.78,15.68,15.7
2020-05-06,15.7,15.7,15.7,15.7
2020-05-05,15.7,15.78,15.68,15.69
2020-05-04,15.7,15.77,15.69,15.7
2020-05-01,15.7,15.7,15.68,15.7
2020-04-30,15.7,15.78,15.68,15.7
2020-04-29,15.7,15.78,15.68,15.7
2020-04-28,15.7,15.71,15.61,15.7
2020-04-27,15.7,15.779,15.68,15.7
2020-04-24,15.77,15.78,15.69,15.78
2020-04-23,15.7,15.79,15.68,15.77
2020-04-22,15.7,15.779,15.68,15.7
2020-04-21,15.7,15.78,15.68,15.7
2020-04-20,15.7,15.7,15.7,15.7
2020-04-17,15.7,15.7,15.69,15.7
2020-04-16,15.77,15.77,15.7,15.7
2020-04-15,15.7725,15.7799,15.68,15.77
2020-04-14,15.7,15.78,15.68,15.7725
2020-04-13,15.7,15.78,15.68,15.7
2020-04-10,15.77,15.77,15.69,15.72
2020-04-09,15.7,15.78,15.68,15.77
2020-04-08,15.77,15.78,15.68,15.7
2020-04-07,15.7,15.78,15.68,15.77
2020-04-06,15.7,15.78,15.68,15.7
2020-04-03,15.7,15.7,15.69,15.69
2020-04-02,15.7,15.779,15.68,15.7
2020-04-01,15.69,15.78,15.68,15.7
2020-03-31,15.75,15.78,15.68,15.69
2020-03-30,15.7,15.78,15.68,15.75
2020-03-27,15.7,15.79,15.69,15.69
2020-03-26,15.7,15.78,15.68,15.7
2020-03-25,15.7,15.779,15.53,15.7
2020-03-24,15.7,15.78,15.68,15.7
2020-03-23,15.7,15.78,15.68,15.7
2020-03-20,15.7,15.7,15.69,15.7
2020-03-19,15.7,15.78,15.68,15.7
2020-03-18,15.7,15.78,15.68,15.7
2020-03-17,15.7,15.78,15.68,15.7
2020-03-16,15.7,15.8,15.66,15.7
2020-03-13,15.65,15.65,15.62,15.65
2020-03-12,15.65,15.67,15.65,15.65
2020-03-11,15.67,15.75,15.64,15.65
2020-03-10,15.66,15.76,15.57,15.67
2020-03-09,15.64,15.74,15.57,15.65
2020-03-06,15.59,15.59,15.59,15.59
2020-03-05,15.6,15.635,15.57,15.59
2020-03-04,15.6,15.68,15.53,15.6
2020-03-03,15.59,15.68,15.58,15.6
2020-03-02,15.58,15.75,15.56,15.59
2020-02-28,15.595,15.595,15.56,15.595
2020-02-27,15.55,15.65,15.53,15.595
2020-02-26,15.55,15.6225,15.49,15.55
2020-02-25,15.51,15.607,15.48,15.55
2020-02-24,15.51,15.61,15.48,15.51
2020-02-21,15.51,15.51,15.51,15.51
2020-02-20,15.56,15.732,15.48,15.51
2020-02-19,15.56,15.66,15.54,15.56
2020-02-18,15.59,15.68,15.56,15.56
2020-02-17,15.62,15.71,15.57,15.59
2020-02-14,15.65,15.65,15.64,15.65
2020-02-13,15.68,15.78,15.63,15.65
2020-02-12,15.67,15.78,15.62,15.68
2020-02-11,15.68,15.71,15.65,15.67
2020-02-10,15.7,15.81,15.66,15.68
2020-02-07,15.71,15.73,15.71,15.73
2020-02-06,15.73,15.84,15.7,15.71
2020-02-05,15.76,15.82,15.71,15.73
2020-02-04,15.81,15.823,15.74,15.75
2020-02-03,15.74,15.85,15.74,15.81
2020-01-31,15.76,15.76,15.7,15.75
2020-01-30,15.75,15.83,15.73,15.75
2020-01-29,15.75,15.82,15.72,15.75
2020-01-28,15.74,15.801,15.72,15.73
2020-01-27,15.75,15.8,15.7,15.74
2020-01-24,15.72,15.75,15.72,15.74
2020-01-23,15.75,15.86,15.72,15.76
2020-01-22,15.7625,15.8,15.72,15.75
2020-01-21,15.75,15.84,15.7,15.7625
2020-01-20,15.7875,15.8,15.72,15.75
2020-01-17,15.78,15.78,15.78,15.78
2020-01-16,15.82,15.85,15.76,15.78
2020-01-15,15.83,15.86,15.78,15.82
2020-01-14,15.88,15.89,15.82,15.83
2020-01-13,15.9,15.98,15.84,15.88
2020-01-10,15.95,15.95,15.92,15.95
2020-01-09,15.98,16.02,15.92,15.93
2020-01-08,16.05,16.09,15.97,15.98
2020-01-07,16.05,16.05,15.99,16.05
2020-01-06,16.0,16.09,15.97,16.05
2020-01-03,15.99,16.0,15.99,15.99
2020-01-02,15.99,16.09,15.96,15.99
2020-01-01,16.0,16.0,15.99,15.99
2019-12-31,16.0,16.09,15.98,16.0
2019-12-30,16.04,16.06,15.98,16.0
2019-12-27,16.0,16.0,15.98,16.0
2019-12-26,15.99,16.0745,15.97,16.0
2019-12-25,16.01,16.075,15.98,16.03
2019-12-24,16.04,16.0795,15.97,16.01
2019-12-23,16.04,16.07,15.97,16.04
2019-12-20,16.015,16.015,15.97,16.015
2019-12-19,15.99,16.06,15.96,16.015
2019-12-18,15.98,16.08,15.97,16.03
2019-12-17,15.99,16.09,15.95,15.98
2019-12-16,16.05,16.1,15.97,15.99
2019-12-13,16.07,16.08,16.07,16.07
2019-12-12,16.12,16.17,16.07,16.07
2019-12-11,16.14,16.1675,16.07,16.07
2019-12-10,16.07,16.169,16.05,16.14
2019-12-09,16.145,16.17,16.06,16.07
2019-12-06,16.1,16.1,16.08,16.1
2019-12-05,16.06,16.26,16.06,16.07
2019-12-04,16.07,16.15,16.05,16.08
2019-12-03,16.05,16.1475,16.05,16.07
2019-12-02,16.135,16.145,16.05,16.05
2019-11-29,16.07,16.07,16.07,16.07
2019-11-28,16.07,16.135,16.05,16.07
2019-11-27,16.07,16.146,16.05,16.07
2019-11-26,16.11,16.1475,16.05,16.07
2019-11-25,16.06,16.15,16.05,16.12
2019-11-22,16.06,16.06,16.05,16.06
2019-11-21,16.05,16.1425,16.03,16.06
2019-11-20,16.05,16.145,16.02,16.05
2019-11-19,16.08,16.22,16.04,16.05
2019-11-18,16.06,16.1395,16.04,16.08
2019-11-15,16.08,16.08,16.07,16.08
2019-11-14,16.09,16.11,16.04,16.08
2019-11-13,16.08,16.14,16.007,16.09
2019-11-12,16.1,16.18,16.08,16.08
2019-11-11,16.09,16.16,16.06,16.1
2019-11-08,16.09,16.1,16.08,16.1
2019-11-07,16.09,16.1655,16.05,16.09
2019-11-06,16.08,16.1608,16.05,16.09
2019-11-05,16.08,16.14,16.04,16.08
2019-11-04,16.09,16.18,16.07,16.08
2019-11-01,16.09,16.09,16.09,16.09
2019-10-31,16.1,16.1225,16.07,16.09
2019-10-30,16.08,16.25,16.04,16.1
2019-10-29,16.09,16.18,16.07,16.08
2019-10-28,16.08,16.19,16.04,16.09
2019-10-25,16.1,16.12,16.01,16.12
2019-10-24,16.14,16.26,16.08,16.1
2019-10-23,16.15,16.17,16.1,16.13
2019-10-22,16.15,16.1856,16.05,16.15
2019-10-21,16.17,16.215,16.14,16.15
2019-10-18,16.18,16.225,16.18,16.225
2019-10-17,16.18,16.2625,16.13,16.18
2019-10-16,16.19,16.24,16.14,16.18
2019-10-15,16.21,16.26,16.12,16.19
2019-10-14,16.2,16.27,16.16,16.21
2019-10-11,16.23,16.23,16.22,16.23
2019-10-10,16.25,16.28,16.21,16.23
2019-10-09,16.24,16.29,16.21,16.25
2019-10-08,16.26,16.34,16.23,16.24
2019-10-07,16.26,16.3275,16.22,16.26
2019-10-04,16.26,16.26,16.23,16.26
2019-10-03,16.3105,16.321,16.22,16.26
2019-10-02,16.23,16.32,16.21,16.3105
2019-10-01,16.23,16.285,16.21,16.23
2019-09-30,16.23,16.3,16.2,16.23
2019-09-27,16.26,16.26,16.26,16.26
2019-09-26,16.24,16.35,16.23,16.26
2019-09-25,16.26,16.35,16.24,16.24
2019-09-24,16.26,16.335,16.23,16.26
2019-09-23,16.2625,16.34,16.22,16.26
2019-09-20,16.26,16.26,16.23,16.26
2019-09-19,16.3,16.37,16.23,16.26
2019-09-18,16.3,16.34,16.26,16.3
2019-09-17,16.32,16.49,16.27,16.28
2019-09-16,16.33,16.42,16.29,16.32
2019-09-13,16.37,16.37,16.37,16.37
2019-09-12,16.38,16.44,16.34,16.37
2019-09-11,16.41,16.46,16.35,16.38
2019-09-10,16.41,16.48,16.36,16.41
2019-09-09,16.42,16.55,16.39,16.41
2019-09-06,16.43,16.45,16.43,16.45
2019-09-05,16.49,16.53,16.42,16.43
2019-09-04,16.5,16.575,16.45,16.49
2019-09-03,16.51,16.5825,16.47,16.5
2019-09-02,16.565,16.6,16.5,16.51
2019-08-30,16.5,16.55,16.5,16.5
2019-08-29,16.5,16.58,16.49,16.5
2019-08-28,16.5225,16.6,16.48,16.51
2019-08-27,16.51,16.6,16.46,16.5225
2019-08-26,16.535,16.575,16.46,16.51
2019-08-23,16.52,16.52,16.52,16.52
2019-08-22,16.55,16.6185,16.52,16.52
2019-08-21,16.55,16.62,16.53,16.55
2019-08-20,16.55,16.62,16.53,16.55
2019-08-19,16.605,16.62,16.5,16.55
2019-08-16,16.53,16.53,16.53,16.53
2019-08-15,16.58,16.6205,16.51,16.53
2019-08-14,16.5525,16.61,16.51,16.58
2019-08-13,16.5525,16.5525,16.5525,16.5525
2019-08-12,16.5525,16.5525,16.5525,16.5525
2019-08-09,16.52,16.52,16.49,16.5
2019-08-08,16.51,16.57,16.48,16.52
2019-08-07,16.51,16.51,16.49,16.51
2019-08-06,16.51,16.57,16.48,16.51
2019-08-05,16.51,16.55,16.38,16.51
2019-08-02,16.52,16.53,16.5,16.53
2019-08-01,16.5,16.56,16.49,16.52
2019-07-31,16.531,16.58,16.49,16.5
2019-07-30,16.54,16.58,16.49,16.51
2019-07-29,16.53,16.6,16.52,16.54
2019-07-26,16.54,16.54,16.53,16.54
2019-07-25,16.56,16.64,16.52,16.54
2019-07-24,16.57,16.654,16.54,16.56
2019-07-23,16.57,16.57,16.55,16.57
2019-07-22,16.58,16.64,16.55,16.57
2019-07-19,16.57,16.57,16.55,16.57
2019-07-18,16.57,16.6325,16.52,16.57
2019-07-17,16.596,16.69,16.52,16.57
2019-07-16,16.57,16.625,16.53,16.596
2019-07-15,16.581,16.65,16.53,16.57
2019-07-12,16.54,16.57,16.54,16.57
2019-07-11,16.57,16.6225,16.54,16.54
2019-07-10,16.57,16.6125,16.54,16.57
2019-07-09,16.56,16.6,16.45,16.57
2019-07-08,16.55,16.67,16.54,16.56
2019-07-05,16.58,16.58,16.55,16.58
2019-07-04,16.57,16.62,16.54,16.58
2019-07-03,16.59,16.66,16.49,16.57
2019-07-02,16.66,16.69,16.53,16.59
2019-07-01,16.65,16.7,16.64,16.66
2019-06-28,16.66,16.66,16.64,16.65
2019-06-27,16.65,16.73,16.63,16.66
2019-06-26,16.62,16.72,16.62,16.65
2019-06-25,16.65,16.725,16.63,16.65
2019-06-24,16.65,16.751,16.63,16.65
2019-06-21,16.64,16.68,16.64,16.64
2019-06-20,16.69,16.79,16.63,16.64
2019-06-19,16.72,16.76,16.69,16.69
2019-06-18,16.74,16.83,16.67,16.72
2019-06-17,16.7455,16.76,16.67,16.74
2019-06-14,16.71,16.71,16.68,16.71
2019-06-13,16.71,16.76,16.66,16.71
2019-06-12,16.71,16.81,16.66,16.71
2019-06-11,16.69,16.745,16.66,16.71
2019-06-10,16.72,16.745,16.66,16.69
2019-06-07,16.73,16.73,16.7,16.71
2019-06-06,16.73,16.73,16.7,16.73
2019-06-05,16.74,16.74,16.71,16.73
2019-06-04,16.74,16.74,16.7,16.74
2019-06-03,16.74,16.78,16.67,16.74
2019-05-31,16.73,16.73,16.72,16.72
2019-05-30,16.77,16.85,16.69,16.73
2019-05-29,16.79,16.83,16.76,16.76
2019-05-28,16.78,16.9,16.76,16.79
2019-05-27,16.8325,16.84,16.76,16.78
2019-05-24,16.84,16.84,16.81,16.84
2019-05-23,16.89,17.0,16.82,16.84
2019-05-22,16.97,17.0,16.88,16.89
2019-05-21,16.97,17.07,16.79,16.97
2019-05-20,17.025,17.05,16.96,16.97
2019-05-17,17.01,17.01,16.98,16.99
2019-05-16,17.03,17.1,16.97,17.01
2019-05-15,17.02,17.05,17.01,17.03
2019-05-14,17.03,17.13,17.0,17.02
2019-05-13,17.09,17.095,17.03,17.03
2019-05-10,17.11,17.11,17.07,17.11
2019-05-09,17.14,17.2,17.06,17.11
2019-05-08,17.1,17.2,17.08,17.14
2019-05-07,17.1,17.155,17.08,17.1
2019-05-06,17.1,17.2,17.08,17.1
2019-05-03,17.13,17.13,17.11,17.13
2019-05-02,17.12,17.22,17.1,17.13
2019-05-01,17.12,17.12,17.12,17.12
2019-04-30,17.135,17.26,17.05,17.12
2019-04-29,17.135,17.135,17.12,17.135
2019-04-26,17.13,17.13,17.11,17.12
2019-04-25,17.13,17.13,17.11,17.13
2019-04-24,17.1375,17.22,17.1,17.13
2019-04-23,17.12,17.22,17.08,17.1375
2019-04-22,17.13,17.23,17.09,17.12
2019-04-19,17.155,17.26,17.15,17.15
2019-04-18,17.21,17.3,17.13,17.155
2019-04-17,17.26,17.35,17.2,17.21
2019-04-16,17.32,17.32,17.24,17.26
2019-04-15,17.28,17.3305,17.26,17.32
2019-04-12,17.27,17.27,17.26,17.27
2019-04-11,17.27,17.36,17.25,17.27
2019-04-10,17.28,17.61,17.26,17.27
2019-04-09,17.27,17.36,17.26,17.28
2019-04-08,17.285,17.36,17.26,17.27
2019-04-05,17.26,17.27,17.26,17.26
2019-04-04,17.285,17.36,17.26,17.26
2019-04-03,17.28,17.335,17.26,17.285
2019-04-02,17.32,17.36,17.24,17.28
2019-04-01,17.28,17.36,17.23,17.32
2019-03-29,17.28,17.28,17.24,17.28
2019-03-28,17.27,17.36,17.23,17.28
2019-03-27,17.26,17.4,17.24,17.27
2019-03-26,17.25,17.4,17.22,17.26
2019-03-25,17.25,17.35,17.22,17.24
2019-03-22,17.22,17.23,17.22,17.22
2019-03-21,17.25,17.38,17.22,17.22
2019-03-20,17.24,17.35,17.2,17.25
2019-03-19,17.28,17.4,17.23,17.24
2019-03-18,17.34,17.44,17.27,17.28
2019-03-15,17.35,17.37,17.34,17.35
2019-03-14,17.37,17.39,17.33,17.35
2019-03-13,17.37,17.48,17.36,17.37
2019-03-12,17.38,17.48,17.37,17.37
2019-03-11,17.39,17.48,17.36,17.38
2019-03-08,17.38,17.38,17.38,17.38
2019-03-07,17.42,17.53,17.38,17.38
2019-03-06,17.43,17.54,17.41,17.42
2019-03-05,17.47,17.55,17.3,17.43
2019-03-04,17.47,17.56,17.45,17.49
2019-03-01,17.46,17.46,17.45,17.46
2019-02-28,17.48,17.57,17.46,17.46
2019-02-27,17.49,17.56,17.45,17.48
2019-02-26,17.5,17.6,17.46,17.47
2019-02-25,17.5,17.6,17.46,17.5
2019-02-22,17.49,17.51,17.49,17.49
2019-02-21,17.51,17.6,17.47,17.49
2019-02-20,17.49,17.59,17.49,17.51
2019-02-19,17.49,17.64,17.49,17.5
2019-02-18,17.51,17.6,17.49,17.49
2019-02-15,17.49,17.55,17.49,17.49
2019-02-14,17.55,17.7,17.49,17.49
2019-02-13,17.55,17.65,17.51,17.55
2019-02-12,17.55,17.65,17.55,17.55
2019-02-11,17.605,17.65,17.55,17.55
2019-02-08,17.55,17.55,17.54,17.55
2019-02-07,17.58,17.65,17.55,17.55
2019-02-06,17.56,17.65,17.55,17.55
2019-02-05,17.6,17.7,17.55,17.55
2019-02-04,17.62,17.7,17.6,17.63
2019-02-01,17.63,17.63,17.57,17.58
2019-01-31,17.62,17.66,17.57,17.63
2019-01-30,17.57,17.86,17.55,17.58
2019-01-29,17.61,17.85,17.56,17.5925
2019-01-28,17.64,17.86,17.55,17.86
2019-01-25,17.84,17.86,17.84,17.84
2019-01-24,17.84,17.86,17.84,17.84
2019-01-23,17.86,17.965,17.79,17.84
2019-01-22,17.89,17.955,17.79,17.86
2019-01-21,17.89,17.965,17.78,17.89
2019-01-18,17.84,17.86,17.84,17.84
2019-01-17,17.86,17.955,17.79,17.84
2019-01-16,17.86,17.98,17.79,17.89
2019-01-15,17.86,17.9575,17.79,17.86
2019-01-14,17.86,17.96,17.78,17.86
2019-01-11,17.89,17.89,17.83,17.89
2019-01-10,17.86,17.969,17.78,17.89
2019-01-09,17.89,17.958,17.78,17.86
2019-01-08,17.875,17.955,17.78,17.89
2019-01-07,17.875,17.875,17.83,17.83
2019-01-04,17.86,17.86,17.84,17.86
2019-01-03,17.88,17.9725,17.78,17.86
2019-01-02,17.86,17.965,17.78,17.88
2019-01-01,17.86,17.86,17.86,17.86
2018-12-31,17.9575,17.9575,17.78,17.86
2018-12-28,17.84,17.85,17.84,17.84
2018-12-27,17.86,17.98,17.78,17.84
2018-12-26,17.86,17.98,17.78,17.86
2018-12-25,17.86,17.96,17.78,17.86
2018-12-24,17.9599,17.98,17.78,17.86
2018-12-21,17.86,17.86,17.84,17.84
2018-12-20,17.86,17.959,17.78,17.86
2018-12-19,17.84,17.9585,17.78,17.84
2018-12-18,17.87,17.9625,17.83,17.86
2018-12-17,17.953,17.9625,17.78,17.87
2018-12-14,17.88,17.95,17.83,17.83
2018-12-13,17.86,17.98,17.78,17.88
2018-12-12,17.86,17.959,17.78,17.86
2018-12-11,17.86,17.955,17.78,17.86
2018-12-10,17.91,17.9595,17.81,17.86
2018-12-07,17.86,17.86,17.83,17.83
2018-12-06,17.91,17.98,17.78,17.86
2018-12-05,17.86,17.955,17.78,17.91
2018-12-04,17.86,17.98,17.78,17.86
2018-12-03,17.875,17.98,17.78,17.86
2018-11-30,17.86,17.86,17.82,17.86
2018-11-29,17.86,17.9595,17.78,17.81
2018-11-28,17.92,17.9599,17.78,17.86
2018-11-27,17.95,17.98,17.78,17.87
2018-11-26,17.79,17.9595,17.78,17.95
2018-11-23,17.84,17.84,17.78,17.84
2018-11-22,17.955,17.9575,17.78,17.84
2018-11-21,17.86,17.955,17.79,17.955
2018-11-20,17.86,17.86,17.8,17.86
2018-11-19,17.93,17.98,17.78,17.81
2018-11-16,17.86,17.86,17.81,17.86
2018-11-15,17.86,17.885,17.82,17.86
2018-11-14,17.86,17.96,17.78,17.86
2018-11-13,17.86,17.96,17.78,17.86
2018-11-12,17.86,17.955,17.78,17.86
2018-11-09,17.86,17.86,17.79,17.79
2018-11-08,17.86,17.9505,17.74,17.86
2018-11-07,17.9,17.9525,17.78,17.86
2018-11-06,17.86,17.951,17.78,17.9
2018-11-05,17.88,17.955,17.78,17.86
2018-11-02,17.86,17.86,17.81,17.86
2018-11-01,17.86,17.95,17.78,17.86
2018-10-31,17.86,17.95,17.78,17.86
2018-10-30,17.88,17.9575,17.78,17.86
2018-10-29,17.88,17.98,17.78,17.88
2018-10-26,17.86,17.86,17.83,17.86
2018-10-25,17.86,17.959,17.78,17.84
2018-10-24,17.86,17.96,17.78,17.86
2018-10-23,17.86,17.98,17.78,17.87
2018-10-22,17.86,17.98,17.78,17.86
2018-10-19,17.87,17.87,17.8,17.87
2018-10-18,17.86,17.95,17.78,17.87
2018-10-17,17.86,17.9525,17.78,17.86
2018-10-16,17.88,17.953,17.78,17.86
2018-10-15,17.93,17.98,17.78,17.88
2018-10-12,17.9,17.9,17.81,17.9
2018-10-11,17.86,17.9505,17.78,17.88
2018-10-10,17.86,17.955,17.78,17.86
2018-10-09,17.86,17.955,17.78,17.86
2018-10-08,17.84,17.95,17.78,17.86
2018-10-05,17.84,17.84,17.8,17.84
2018-10-04,17.86,17.955,17.78,17.84
2018-10-03,17.86,17.98,17.78,17.86
2018-10-02,17.86,17.9515,17.78,17.86
2018-10-01,17.93,17.96,17.78,17.86
2018-09-28,17.88,17.88,17.79,17.79
2018-09-27,17.86,17.9555,17.8,17.88
2018-09-26,17.87,17.9505,17.78,17.86
2018-09-25,17.87,17.9505,17.78,17.87
2018-09-24,17.945,17.9505,17.78,17.87
2018-09-21,17.86,17.87,17.81,17.87
2018-09-20,17.85,17.955,17.78,17.86
2018-09-19,17.86,17.98,17.78,17.85
2018-09-18,17.88,17.98,17.78,17.86
2018-09-17,17.95,17.98,17.78,17.88
2018-09-14,17.86,17.86,17.61,17.86
2018-09-13,17.78,17.98,17.78,17.86
2018-09-12,17.91,17.95,17.78,17.86
2018-09-11,17.79,17.81,17.79,17.79
2018-09-10,17.91,17.98,17.78,17.8
2018-09-07,17.84,17.84,17.84,17.84
2018-09-06,17.86,17.86,17.84,17.84
2018-09-05,17.86,17.95,17.78,17.86
2018-09-04,17.86,17.955,17.78,17.86
2018-09-03,17.84,17.94,17.78,17.93
2018-08-31,17.78,17.78,17.78,17.78
2018-08-30,17.84,17.95,17.78,17.78
2018-08-29,17.85,17.95,17.78,17.84
2018-08-28,17.85,17.93,17.78,17.85
2018-08-27,17.85,17.92,17.78,17.85
2018-08-24,17.82,17.82,17.82,17.82
2018-08-23,17.82,17.84,17.74,17.82
2018-08-22,17.82,17.82,17.81,17.82
2018-08-21,17.8825,17.8825,17.82,17.82
2018-08-20,17.8825,17.8825,17.82,17.8825
2018-08-17,17.85,17.85,17.81,17.85
2018-08-16,17.85,17.94,17.78,17.85
2018-08-15,17.85,17.93,17.78,17.81
2018-08-14,17.88,17.9225,17.78,17.85
2018-08-13,17.83,17.91,17.78,17.88
2018-08-10,17.82,17.845,17.82,17.845
2018-08-09,17.85,17.88,17.78,17.82
2018-08-08,17.83,17.88,17.78,17.85
2018-08-07,17.83,17.89,17.78,17.82
2018-08-06,17.81,17.88,17.77,17.82
2018-08-03,17.84,17.84,17.82,17.84
2018-08-02,17.83,17.88,17.77,17.84
2018-08-01,17.82,17.88,17.77,17.83
2018-07-31,17.86,17.93,17.77,17.82
2018-07-30,17.85,17.91,17.78,17.86
2018-07-27,17.85,17.85,17.78,17.78
2018-07-26,17.84,17.905,17.78,17.85
2018-07-25,17.85,17.91,17.78,17.85
2018-07-24,17.87,17.91,17.78,17.85
2018-07-23,17.87,17.87,17.87,17.87
2018-07-20,17.85,17.85,17.82,17.85
2018-07-19,17.85,17.89,17.78,17.85
2018-07-18,17.85,17.95,17.78,17.85
2018-07-17,17.85,17.89,17.78,17.85
2018-07-16,17.87,17.92,17.78,17.85
2018-07-13,17.85,17.85,17.82,17.84
2018-07-12,17.85,17.91,17.78,17.85
2018-07-11,17.86,17.9,17.78,17.85
2018-07-10,17.895,17.93,17.78,17.86
2018-07-09,17.82,17.895,17.8,17.895
2018-07-06,17.84,17.84,17.8,17.84
2018-07-05,17.84,17.9,17.78,17.84
2018-07-04,17.84,17.93,17.78,17.84
2018-07-03,17.89,17.93,17.8,17.88
2018-07-02,17.84,17.93,17.78,17.89
2018-06-29,17.84,17.84,17.83,17.84
2018-06-28,17.84,17.915,17.78,17.84
2018-06-27,17.84,17.925,17.78,17.84
2018-06-26,17.78,17.89,17.78,17.84
2018-06-25,17.9,17.92,17.75,17.84
2018-06-22,17.82,17.83,17.81,17.82
2018-06-21,17.85,17.92,17.78,17.82
2018-06-20,17.84,17.91,17.78,17.85
2018-06-19,17.8,17.905,17.78,17.84
2018-06-18,17.8,17.86,17.8,17.8
2018-06-15,17.8,17.8,17.8,17.8
2018-06-14,17.8475,17.88,17.7,17.8
2018-06-13,17.81,17.8555,17.77,17.81
2018-06-12,17.78,17.88,17.77,17.81
2018-06-11,17.82,17.89,17.65,17.78
2018-06-08,17.82,17.86,17.8,17.82
2018-06-07,17.84,17.89,17.79,17.8
2018-06-06,17.85,17.85,17.8,17.84
2018-06-05,17.85,17.85,17.83,17.84
2018-06-04,17.865,17.89,17.8,17.85
2018-06-01,17.86,17.86,17.83,17.85
2018-05-31,17.87,17.9,17.8,17.86
2018-05-30,17.87,17.95,17.8,17.87
2018-05-29,17.86,17.95,17.8,17.87
2018-05-28,17.87,17.96,17.77,17.86
2018-05-25,17.87,17.87,17.8,17.87
2018-05-24,17.8,17.87,17.8,17.87
2018-05-23,17.87,17.9615,17.77,17.86
2018-05-22,17.86,17.96,17.63,17.87
2018-05-21,17.87,17.87,17.75,17.86
2018-05-18,17.76,17.76,17.76,17.76
2018-05-17,17.83,17.945,17.76,17.76
2018-05-16,17.78,17.96,17.72,17.83
2018-05-15,17.78,17.895,17.63,17.78
2018-05-14,17.76,17.87,17.6,17.78
2018-05-11,17.65,17.69,17.64,17.65
2018-05-10,17.74,17.8503,17.61,17.65
2018-05-09,17.66,17.805,17.59,17.74
2018-05-08,17.67,17.78,17.59,17.65
2018-05-07,17.63,17.7275,17.57,17.67
2018-05-04,17.58,17.61,17.58,17.58
2018-05-03,17.6,17.67,17.56,17.58
2018-05-02,17.63,17.67,17.56,17.6
2018-05-01,17.63,17.63,17.63,17.63
2018-04-30,17.64,17.67,17.56,17.63
2018-04-27,17.66,17.66,17.62,17.66
2018-04-26,17.67,17.71,17.57,17.66
2018-04-25,17.67,17.67,17.6,17.6
2018-04-24,17.64,17.73,17.57,17.67
2018-04-23,17.64,17.71,17.55,17.64
2018-04-20,17.63,17.66,17.55,17.66
2018-04-19,17.66,17.72,17.57,17.63
2018-04-18,17.66,17.71,17.57,17.66
2018-04-17,17.65,17.701,17.57,17.64
2018-04-16,17.64,17.73,17.57,17.65
2018-04-13,17.56,17.61,17.56,17.56
2018-04-12,17.6,17.7075,17.54,17.56
2018-04-11,17.63,17.7025,17.56,17.6
2018-04-10,17.64,17.68,17.51,17.63
2018-04-09,17.64,17.64,17.6,17.64
2018-04-06,17.64,17.64,17.6,17.64
2018-04-05,17.64,17.79,17.55,17.64
2018-04-04,17.55,17.71,17.55,17.64
2018-04-03,17.6,17.695,17.55,17.55
2018-04-02,17.635,17.65,17.55,17.6
2018-03-30,17.58,17.6,17.58,17.58
2018-03-29,17.6,17.6505,17.55,17.58
2018-03-28,17.59,17.68,17.55,17.6
2018-03-27,17.62,17.65,17.55,17.59
2018-03-26,17.58,17.65,17.54,17.62
2018-03-23,17.59,17.59,17.58,17.59
2018-03-22,17.58,17.665,17.55,17.59
2018-03-21,17.58,17.65,17.54,17.58
2018-03-20,17.58,17.65,17.54,17.58
2018-03-19,17.58,17.65,17.54,17.58
2018-03-16,17.58,17.58,17.535,17.535
2018-03-15,17.59,17.65,17.535,17.58
2018-03-14,17.59,17.65,17.54,17.59
2018-03-13,17.58,17.65,17.54,17.59
2018-03-12,17.56,17.65,17.54,17.58
2018-03-09,17.5825,17.5825,17.56,17.5825
2018-03-08,17.58,18.05,17.54,17.5825
2018-03-07,17.58,17.65,17.54,17.58
2018-03-06,17.57,17.66,17.54,17.58
2018-03-05,17.59,17.72,17.54,17.57
2018-03-02,17.59,17.61,17.59,17.59
2018-03-01,17.61,17.66,17.54,17.59
2018-02-28,17.61,17.66,17.55,17.61
2018-02-27,17.6156,17.69,17.55,17.61
2018-02-26,17.61,17.6156,17.6,17.6156
2018-02-23,17.64,17.65,17.63,17.64
2018-02-22,17.65,17.69,17.58,17.64
2018-02-21,17.66,17.7225,17.58,17.65
2018-02-20,17.59,17.7,17.58,17.66
2018-02-19,17.6,17.7,17.58,17.59
2018-02-16,17.6,17.65,17.6,17.6
2018-02-15,17.66,17.79,17.58,17.6
2018-02-14,17.66,17.79,17.58,17.66
2018-02-13,17.69,17.739,17.58,17.66
2018-02-12,17.65,17.72,17.57,17.69
2018-02-09,17.65,17.65,17.62,17.65
2018-02-08,17.63,17.71,17.56,17.65
2018-02-07,17.6,17.69,17.56,17.63
2018-02-06,17.62,17.69,17.56,17.6
2018-02-05,17.61,17.72,17.58,17.62
2018-02-02,17.63,17.63,17.62,17.63
2018-02-01,17.63,17.73,17.6,17.63
2018-01-31,17.63,17.73,17.58,17.63
2018-01-30,17.63,17.73,17.6,17.63
2018-01-29,17.64,17.86,17.6,17.63
2018-01-26,17.64,17.66,17.64,17.64
2018-01-25,17.64,17.66,17.64,17.64
2018-01-24,17.67,18.05,17.64,17.64
2018-01-23,17.7,17.75,17.63,17.67
2018-01-22,17.685,17.86,17.63,17.7
2018-01-19,17.67,17.67,17.65,17.67
2018-01-18,17.67,17.75,17.64,17.67
2018-01-17,17.685,17.75,17.64,17.67
2018-01-16,17.68,17.75,17.62,17.685
2018-01-15,17.68,17.68,17.68,17.68
2018-01-12,17.63,17.64,17.63,17.64
2018-01-11,17.65,17.65,17.64,17.64
2018-01-10,17.64,17.64,17.64,17.64
2018-01-09,17.63,17.63,17.63,17.63
2018-01-08,17.64,17.65,17.64,17.65
2018-01-05,17.67,17.67,17.65,17.66
2018-01-04,17.66,17.67,17.66,17.66
2018-01-03,17.67,17.67,17.67,17.67
2018-01-02,17.67,17.68,17.67,17.68
2017-12-29,17.77,17.77,17.77,17.77
2017-12-28,17.77,17.77,17.76,17.76
2017-12-27,17.76,17.76,17.76,17.76
2017-12-26,17.76,17.77,17.76,17.77
2017-12-22,17.75,17.75,17.75,17.75
2017-12-21,17.75,17.76,17.75,17.76
2017-12-20,17.7,17.77,17.7,17.76
2017-12-19,17.75,17.75,17.75,17.75
2017-12-18,17.75,17.76,17.75,17.76
2017-12-15,17.82,17.82,17.76,17.76
2017-12-14,17.83,17.83,17.82,17.83
2017-12-13,17.76,17.76,17.76,17.76
2017-12-12,17.75,17.75,17.75,17.75
2017-12-11,17.8,17.81,17.8,17.81
2017-12-08,17.76,17.76,17.75,17.75
2017-12-07,17.76,17.76,17.7,17.75
2017-12-06,17.76,17.76,17.75,17.75
2017-12-05,17.69,17.69,17.69,17.69
2017-12-04,17.65,17.66,17.65,17.66
2017-12-01,17.65,17.65,17.64,17.64
2017-11-30,17.7,17.7,17.64,17.64
2017-11-29,17.71,17.71,17.7,17.71
2017-11-28,17.7,17.7,17.7,17.7
2017-11-27,17.67,17.67,17.67,17.67
2017-11-24,17.65,17.65,17.65,17.65
2017-11-23,17.6,17.6,17.6,17.6
2017-11-22,17.61,17.61,17.61,17.61
2017-11-21,17.61,17.61,17.6,17.6
2017-11-20,17.61,17.61,17.6,17.6
2017-11-17,17.6,17.6,17.6,17.6
2017-11-16,17.61,17.61,17.6,17.61
2017-11-15,17.61,17.61,17.6,17.6
2017-11-14,17.61,17.61,17.6,17.6
2017-11-13,17.63,17.63,17.6,17.61
2017-11-10,17.64,17.64,17.6,17.61
2017-11-09,17.6,17.64,17.6,17.61
2017-11-08,17.6,17.61,17.6,17.61
2017-11-07,17.6,17.6,17.6,17.6
2017-11-06,17.61,17.61,17.61,17.61
2017-11-03,17.61,17.61,17.6,17.6
2017-11-02,17.6,17.6,17.6,17.6
2017-11-01,17.61,17.61,17.61,17.61
2017-10-31,17.61,17.61,17.6,17.6
2017-10-30,17.61,17.61,17.6,17.6
2017-10-27,17.61,17.61,17.6,17.6
2017-10-26,17.61,17.61,17.6,17.6
2017-10-25,17.61,17.61,17.6,17.6
2017-10-24,17.61,17.61,17.6,17.6
2017-10-23,17.6,17.6,17.6,17.6
2017-10-20,17.61,17.61,17.6,17.61
2017-10-19,17.61,17.61,17.6,17.6
2017-10-18,17.61,17.61,17.6,17.6
2017-10-17,17.61,17.61,17.6,17.6
2017-10-16,17.6,17.61,17.6,17.6
2017-10-13,17.6,17.61,17.6,17.61
2017-10-12,17.61,17.62,17.61,17.61
2017-10-11,17.61,17.61,17.6,17.6
2017-10-10,17.6,17.61,17.6,17.6
2017-10-06,17.6,17.61,17.6,17.61
2017-10-05,17.61,17.61,17.6,17.61
2017-10-04,17.61,17.61,17.6,17.6
2017-10-03,17.61,17.61,17.6,17.6
2017-10-02,17.6,17.6,17.6,17.6
2017-09-29,17.63,17.63,17.63,17.63
2017-09-28,17.63,17.63,17.62,17.62
2017-09-27,17.63,17.63,17.62,17.62
2017-09-26,17.62,17.63,17.62,17.62
2017-09-25,17.66,17.66,17.65,17.65
2017-09-22,17.64,17.64,17.62,17.62
2017-09-21,17.63,17.64,17.63,17.63
2017-09-20,17.62,17.64,17.62,17.64
2017-09-19,17.61,17.62,17.61,17.61
2017-09-18,17.61,17.62,17.61,17.62
2017-09-15,17.61,17.61,17.6,17.6
2017-09-14,17.61,17.61,17.6,17.6
2017-09-13,17.62,17.62,17.6,17.6
2017-09-12,17.61,17.63,17.61,17.63
2017-09-11,17.6,17.62,17.6,17.6
2017-09-08,17.6,17.62,17.6,17.62
2017-09-07,17.621,17.621,17.59,17.61
2017-09-06,17.63,17.78,17.63,17.78
2017-09-05,17.625,17.625,17.62,17.62
2017-09-01,17.61,17.61,17.6,17.61
2017-08-31,17.6,17.61,17.6,17.6
2017-08-30,17.61,17.61,17.6,17.61
2017-08-29,17.62,17.62,17.6,17.6
2017-08-28,17.64,17.64,17.63,17.63
2017-08-25,17.65,17.65,17.6,17.6
2017-08-24,17.68,17.68,17.66,17.66
2017-08-23,17.68,17.68,17.65,17.65
2017-08-14,17.73,17.73,17.73,17.73
2017-08-08,17.76,17.76,17.76,17.76
2017-08-07,17.74,17.75,17.74,17.75
2017-08-04,17.75,17.85,17.7,17.75
2017-08-03,17.85,17.85,17.76,17.76
2017-08-02,17.85,17.86,17.85,17.86
2017-08-01,17.85,17.86,17.85,17.86
2017-07-31,17.85,17.86,17.85,17.86
2017-07-27,17.81,17.83,17.81,17.83
2017-07-26,17.81,17.81,17.8,17.8
2017-07-25,17.8,17.8,17.8,17.8
2017-07-24,17.82,17.82,17.81,17.81
2017-07-21,17.9,17.9,17.8,17.81
2017-07-20,17.91,17.91,17.9,17.91
2017-07-19,17.91,17.91,17.9,17.9
2017-07-18,17.91,17.91,17.9,17.9
2017-07-17,17.91,17.91,17.9,17.9
2017-07-14,17.91,17.91,17.9,17.9
2017-07-13,17.91,17.91,17.9,17.9
2017-07-12,17.86,17.9,17.8,17.9
2017-07-11,17.86,17.86,17.85,17.85
2017-07-10,17.85,17.86,17.85,17.85
2017-07-07,17.85,17.86,17.85,17.85
2017-07-06,17.86,17.86,17.85,17.86
2017-07-05,17.5,17.86,17.5,17.85
2017-07-03,18.05,18.05,17.9,17.91
2017-06-30,18.05,18.07,18.05,18.07
2017-06-29,18.07,18.07,18.05,18.07
2017-06-28,18.05,18.07,18.05,18.05
2017-06-27,18.05,18.07,18.05,18.07
2017-06-26,18.07,18.07,18.07,18.07
2017-06-23,18.05,18.07,18.05,18.05
2017-06-22,18.05,18.07,18.05,18.07
2017-06-21,18.05,18.07,18.05,18.07
2017-06-20,18.05,18.07,18.05,18.07
2017-06-19,18.07,18.07,18.05,18.07
2017-06-16,18.1,18.1,18.05,18.05
2017-06-15,18.05,18.14,18.05,18.12
2017-06-14,18.07,18.07,18.07,18.07
2017-06-13,18.06,18.07,18.05,18.05
2017-06-12,18.05,18.11,18.05,18.05
2017-06-09,18.1,18.1,18.09,18.09
2017-06-08,18.08,18.12,18.08,18.11
2017-06-07,18.05,18.07,18.05,18.05
2017-06-06,18.07,18.07,18.07,18.07
2017-06-05,18.0,18.07,18.0,18.05
2017-06-02,18.08,18.08,18.05,18.05
2017-06-01,18.05,18.08,18.05,18.07
2017-05-31,18.07,18.07,18.07,18.07
2017-05-30,18.05,18.06,18.05,18.05
2017-05-26,18.07,18.07,18.0,18.0
2017-05-25,18.05,18.07,18.05,18.05
2017-05-24,18.0,18.05,18.0,18.05
2017-05-23,18.05,18.05,18.0,18.05
2017-05-22,18.0,18.07,18.0,18.07
2017-05-19,18.07,18.07,18.05,18.07
2017-05-18,18.0,18.05,18.0,18.05
2017-05-17,18.05,18.05,18.05,18.05
2017-05-16,18.05,18.07,18.05,18.07
2017-05-15,18.07,18.07,18.0,18.0
2017-05-12,18.07,18.07,18.05,18.05
2017-05-11,18.05,18.07,18.05,18.05
2017-05-10,18.07,18.07,18.05,18.05
2017-05-09,18.07,18.07,18.05,18.05
2017-05-08,18.07,18.07,18.05,18.05
2017-05-05,18.05,18.05,18.0,18.05
2017-05-04,18.07,18.07,18.05,18.07
2017-05-03,18.05,18.05,18.05,18.05
2017-05-02,18.05,18.07,18.05,18.07
2017-05-01,18.0,18.07,18.0,18.07
2017-04-28,18.0,18.05,18.0,18.05
2017-04-27,18.05,18.05,18.05,18.05
2017-04-26,18.07,18.07,18.05,18.07
2017-04-25,17.95,18.05,17.95,18.0
2017-04-24,18.0,18.07,18.0,18.07
2017-04-21,18.0,18.09,18.0,18.05
2017-04-20,18.05,18.07,18.05,18.05
2017-04-19,18.01,18.1,18.0,18.0
2017-04-18,18.0,18.0,18.0,18.0
2017-04-17,18.0,18.05,18.0,18.01
2017-04-14,18.0,18.05,18.0,18.05
2017-04-13,18.11,18.11,18.0,18.0
2017-04-12,18.11,18.11,18.0,18.0
2017-04-11,18.11,18.11,18.05,18.05
2017-04-10,18.08,18.08,18.0,18.0
2017-04-07,18.03,18.03,18.0,18.03
2017-04-06,18.06,18.06,18.06,18.06
2017-04-05,18.0,18.01,18.0,18.01
2017-04-04,18.05,18.05,18.0,18.0
2017-04-03,18.1,18.1,18.0,18.1
2017-03-31,18.12,18.12,18.0,18.05
2017-03-30,18.05,18.12,18.05,18.1
2017-03-29,18.11,18.11,18.0,18.0
2017-03-28,18.1,18.1,18.0,18.01
2017-03-27,18.1,18.1,17.95,18.0
2017-03-24,18.05,18.05,18.0,18.01
2017-03-23,18.05,18.05,18.05,18.05
2017-03-22,18.0,18.05,18.0,18.0
2017-03-21,18.12,18.12,18.1,18.1
2017-03-20,18.1,18.1,18.0,18.1
2017-03-17,18.1,18.1,18.0,18.0
2017-03-16,18.1,18.1,18.0,18.0
2017-03-15,18.2,18.2,18.0,18.0
2017-03-14,18.05,18.05,18.0,18.05
2017-03-13,17.7,17.7,17.65,17.65
2017-03-10,17.7,17.7,17.65,17.65
2017-03-09,17.35,17.7,17.35,17.6
2017-03-08,17.7,17.7,17.6,17.7
2017-03-07,16.75,17.45,16.75,17.4
2017-03-06,15.8,16.76,15.8,16.65
2017-03-03,16.2,16.2,16.1,16.1
2017-03-02,16.2,16.2,16.0,16.0
2017-03-01,16.1,16.1,16.0,16.0
2017-02-28,15.7,15.71,15.7,15.7
2017-02-27,15.7,15.91,15.67,15.75
2017-02-24,15.9,15.9,15.7,15.75
2017-02-23,15.75,15.9,15.65,15.75
2017-02-22,15.7,15.83,15.65,15.75
2017-02-21,15.75,16.0,15.67,15.7
2017-02-20,15.77,15.85,15.65,15.75
2017-02-17,15.99,16.0,15.9,15.95
2017-02-16,16.45,16.5,15.9,15.99
2017-02-15,16.45,17.06,16.0,16.45
2017-02-14,16.95,17.1,16.35,16.36
2017-02-13,17.55,17.6,16.8,16.95
2017-02-10,17.6,17.8,17.6,17.8
2017-02-09,17.95,18.15,17.5,17.6
2017-02-08,18.28,18.45,17.9,17.95
2017-02-07,18.4,18.47,18.2,18.28
2017-02-06,18.42,18.55,18.25,18.4
2017-02-03,18.35,18.7,18.35,18.7
2017-02-02,18.78,18.95,18.3,18.65
2017-02-01,18.7,19.0,18.5,18.8
2017-01-31,18.85,18.97,18.0,18.7
2017-01-30,18.95,19.05,18.7,18.85
2017-01-27,18.7,18.78,18.7,18.7
2017-01-26,18.85,19.0,18.08,18.7
2017-01-25,18.91,18.91,18.75,18.85
2017-01-24,18.95,19.0,18.5,18.91
2017-01-23,18.7,19.0,18.6,18.95
2017-01-20,18.85,18.85,18.6,18.78
2017-01-19,18.85,19.05,18.55,18.7
2017-01-18,18.65,19.07,18.55,18.85
2017-01-17,18.9,19.05,18.5,18.65
2017-01-16,18.9,19.05,18.45,18.9
2017-01-13,18.9,18.9,18.55,18.85
2017-01-12,18.65,18.95,18.3,18.9
2017-01-11,18.65,18.95,17.95,18.5
2017-01-10,18.25,18.9,17.85,18.65
2017-01-09,17.85,18.55,17.85,18.25
2017-01-06,17.95,17.95,17.85,17.86
2017-01-05,18.15,18.9,17.75,17.95
2017-01-04,17.95,18.65,17.8,18.15
2017-01-03,17.95,19.0,17.85,17.95
2017-01-02,17.95,18.75,17.8,17.95
2016-12-30,18.0,18.0,18.0,18.0
2016-12-29,18.65,19.3,17.8,18.0
2016-12-28,18.8,19.305,18.5,18.65
2016-12-27,18.8,19.315,18.6,18.8
2016-12-26,18.75,19.25,18.4,18.8
2016-12-23,18.8,18.99,18.65,18.75
2016-12-22,18.95,19.51,18.45,18.8
2016-12-21,19.62,19.8,18.65,18.95
2016-12-20,19.05,19.65,18.4,19.62
2016-12-19,18.45,19.25,18.1,19.05
2016-12-16,18.3,18.35,17.8,18.15
2016-12-15,18.35,18.75,18.0,18.3
2016-12-14,18.1,18.92,17.95,18.35
2016-12-13,17.95,18.5,17.7,18.1
2016-12-12,17.9,18.35,17.3,17.95
2016-12-09,18.05,18.1625,17.88,17.95
2016-12-08,18.0,18.27,17.65,18.15
2016-12-07,17.76,18.15,17.45,18.0
2016-12-06,17.6,18.01,17.38,17.76
2016-12-05,17.7,18.0,17.4,17.9
2016-12-02,17.55,17.8,17.55,17.8
2016-12-01,17.7,17.7,17.25,17.55
2016-11-30,17.95,17.95,17.5,17.7
2016-11-29,17.45,17.95,17.25,17.95
2016-11-28,17.35,17.45,17.17,17.45
2016-11-25,17.35,17.4,17.3,17.35
2016-11-24,17.35,17.35,17.35,17.35
2016-11-23,17.5,17.5,17.35,17.35
2016-11-22,17.0,17.5,17.0,17.5
2016-11-21,17.25,17.25,17.0,17.0
2016-11-18,15.4,15.55,15.4,15.55
2016-11-17,15.0,15.61,15.0,15.4
2016-11-16,15.15,15.56,15.0,15.0
2016-11-15,15.4,15.4,15.15,15.15
2016-11-14,16.0,16.0,15.15,15.4
2016-11-11,16.25,16.25,16.0,16.0
2016-11-10,17.05,17.05,16.25,16.25
2016-11-09,17.85,17.85,17.04,17.05
2016-11-08,17.4,17.85,17.35,17.85
2016-11-04,13.0,15.56,13.0,15.56
2016-11-03,8.8583,13.6,8.8583,13.0
2016-11-02,8.858,8.86,8.85,8.8583
2016-11-01,8.8583,8.86,8.84,8.858
2016-10-31,8.8583,8.8583,8.84,8.8583
2016-10-28,8.858,8.8583,8.858,8.8583
2016-10-27,8.858,8.858,8.858,8.858
2016-10-26,8.8583,8.8583,8.858,8.858
2016-10-25,8.8583,8.8583,8.8583,8.8583
2016-10-24,8.8582,8.8583,8.8582,8.8583
2016-10-21,8.8583,8.87,8.8582,8.8582
2016-10-20,8.858,8.87,8.858,8.86
2016-10-19,8.858,8.87,8.858,8.86
2016-10-18,8.8583,8.87,8.858,8.858
2016-10-17,8.8583,8.87,8.8583,8.8583
2016-10-14,8.8583,8.87,8.8583,8.8583
2016-10-13,8.8583,8.86,8.8583,8.8583
2016-10-12,8.858,8.86,8.85,8.8583
2016-10-11,8.8582,8.86,8.85,8.858
2016-10-10,8.8582,8.8582,8.8582,8.8582
2016-10-07,8.8583,8.87,8.8582,8.8582
2016-10-06,8.8574,8.87,8.8574,8.8583
2016-10-05,8.8574,8.87,8.8574,8.8574
2016-10-04,8.8574,8.87,8.8574,8.8574
2016-10-03,8.8573,8.87,8.8573,8.8574
2016-09-30,8.8574,8.87,8.8573,8.8573
2016-09-29,8.8571,8.87,8.85,8.8574
2016-09-28,8.8574,8.87,8.8571,8.8571
2016-09-27,8.8574,8.87,8.85,8.8574
2016-09-26,8.8571,8.87,8.8571,8.8574
2016-09-23,8.8574,8.86,8.85,8.8571
2016-09-22,8.8571,8.87,8.8571,8.8574
2016-09-21,8.857,8.87,8.857,8.8571
2016-09-20,8.8571,8.86,8.85,8.857
2016-09-19,8.8574,8.86,8.85,8.8571
2016-09-16,8.8574,8.86,8.85,8.8574
2016-09-15,8.8574,8.87,8.85,8.8574
2016-09-14,8.85,8.87,8.85,8.8574
2016-09-13,8.8574,8.87,8.8574,8.8574
2016-09-12,8.8574,8.86,8.8574,8.8574
2016-09-09,8.8574,8.87,8.8574,8.8574
2016-09-08,8.8574,8.8799,8.8574,8.8574
2016-09-07,8.8574,8.86,8.85,8.8574
2016-09-06,8.8799,8.88,8.8574,8.8574
2016-09-05,8.8799,8.8799,8.87,8.8799
2016-09-02,8.857,8.857,8.857,8.857
2016-09-01,8.8574,8.8574,8.857,8.857
2016-08-31,8.77,8.8574,8.77,8.8574
2016-08-30,8.8574,8.8574,8.77,8.77
2016-08-29,8.8574,8.8574,8.8574,8.8574
2016-08-26,8.8574,8.86,8.85,8.8574
2016-08-25,8.87,8.87,8.85,8.8574
2016-08-24,8.8603,8.87,8.84,8.87
2016-08-23,8.8795,8.8795,8.86,8.8603
2016-08-22,8.8799,8.8799,8.84,8.8795
2016-08-19,8.8799,8.8799,8.85,8.8799
2016-08-18,8.8606,8.8799,8.85,8.8799
2016-08-17,8.8568,8.8606,8.85,8.8606
2016-08-16,8.8799,8.8799,8.84,8.8568
2016-08-15,8.8799,8.8799,8.84,8.8799
2016-08-12,8.8798,8.8799,8.84,8.85
2016-08-11,8.8799,8.8799,8.85,8.8798
2016-08-10,8.8799,8.8799,8.84,8.8799
2016-08-09,8.8574,8.8799,8.85,8.8799
2016-08-08,8.8799,8.8799,8.84,8.8574
2016-08-05,8.8799,8.8799,8.85,8.8799
2016-08-04,8.8799,8.8799,8.84,8.8799
2016-08-03,8.84,8.8799,8.83,8.8799
2016-08-02,8.8799,8.8799,8.83,8.8799
2016-08-01,8.8799,8.8799,8.83,8.8799
2016-07-29,8.8799,8.8799,8.83,8.8799
2016-07-28,8.83,8.8799,8.83,8.8799
2016-07-27,8.8798,8.8798,8.83,8.8798
2016-07-26,8.8799,8.8799,8.83,8.8798
2016-07-25,8.8798,8.8799,8.83,8.8799
2016-07-22,8.8799,8.8799,8.83,8.8798
2016-07-21,8.8799,8.8799,8.83,8.8799
2016-07-20,8.8799,8.8799,8.83,8.8799
2016-07-19,8.8799,8.8799,8.8799,8.8799
2016-07-18,8.8799,8.8799,8.8799,8.8799
2016-07-15,8.8799,8.8799,8.84,8.84
2016-07-14,8.8799,8.8799,8.85,8.8799
2016-07-13,8.8799,8.8799,8.86,8.8799
2016-07-12,8.8799,8.8799,8.85,8.8799
2016-07-11,8.8799,8.8799,8.85,8.8799
2016-07-08,8.8799,8.8799,8.86,8.87
2016-07-07,8.8799,8.8799,8.85,8.8799
2016-07-06,8.8799,8.8799,8.85,8.8799
2016-07-05,8.8799,8.8799,8.85,8.8799
2016-07-04,8.8799,8.8799,8.8799,8.8799
2016-07-01,8.8799,8.8799,8.85,8.8799
2016-06-30,8.8799,8.8799,8.85,8.8799
2016-06-29,8.8798,8.8799,8.85,8.8799
2016-06-28,8.8799,8.8799,8.82,8.8798
2016-06-27,8.8799,8.8799,8.85,8.8799
2016-06-24,8.8799,8.8799,8.85,8.8799
2016-06-23,8.8799,8.8799,8.85,8.8799
2016-06-22,8.8799,8.8799,8.85,8.8799
2016-06-21,8.8798,8.8799,8.85,8.8799
2016-06-20,8.8799,8.8799,8.85,8.8798
2016-06-17,8.8799,8.8799,8.85,8.86
2016-06-16,8.8799,8.8799,8.85,8.8799
2016-06-15,8.8799,8.8799,8.85,8.8799
2016-06-14,8.8798,8.8799,8.85,8.8799
2016-06-13,8.8799,8.8799,8.85,8.8798
2016-06-10,8.8798,8.8799,8.85,8.8799
2016-06-09,8.8799,8.8799,8.85,8.8798
2016-06-08,8.8799,8.8799,8.85,8.8799
2016-06-07,8.8799,8.8799,8.85,8.8799
2016-06-06,8.8799,8.8799,8.85,8.8799
2016-06-03,8.8799,8.8799,8.85,8.8799
2016-06-02,8.8798,8.8799,8.85,8.8799
2016-06-01,8.8798,8.8798,8.85,8.8798
2016-05-31,8.8799,8.8799,8.85,8.8798
2016-05-30,8.8799,8.8799,8.8799,8.8799
2016-05-27,8.8799,8.8799,8.85,8.8799
2016-05-26,8.8799,8.8799,8.85,8.8799
2016-05-25,8.8799,8.8799,8.85,8.8799
2016-05-24,8.8799,8.8799,8.85,8.8799
2016-05-23,8.8799,8.8799,8.84,8.8799
2016-05-20,8.8799,8.8799,8.85,8.8799
2016-05-19,8.8799,8.8799,8.85,8.8799
2016-05-18,8.8799,8.8799,8.85,8.8799
2016-05-17,8.8798,8.8799,8.85,8.8799
2016-05-16,8.8798,8.8798,8.8798,8.8798
2016-05-13,8.8799,8.8799,8.85,8.8798
2016-05-12,8.8798,8.8799,8.85,8.8799
2016-05-11,8.8798,8.8798,8.85,8.8798
2016-05-10,8.8798,8.8798,8.85,8.8798
2016-05-09,8.8798,8.8798,8.85,8.8798
2016-05-06,8.8798,8.8798,8.84,8.8798
2016-05-05,8.8798,8.8798,8.85,8.8798
2016-05-04,8.8799,8.8799,8.85,8.8798
2016-05-03,8.8799,8.8799,8.84,8.8799
2016-05-02,8.8798,8.8799,8.84,8.8799
2016-04-29,8.8798,8.8798,8.85,8.8798
2016-04-28,8.8798,8.8798,8.85,8.8798
2016-04-27,8.8799,8.8799,8.85,8.8798
2016-04-26,8.8798,8.8799,8.84,8.8799
2016-04-25,8.8798,8.8798,8.84,8.8798
2016-04-22,8.8799,8.8799,8.84,8.86
2016-04-21,8.8798,8.8799,8.85,8.8799
2016-04-20,8.8798,8.8798,8.84,8.8798
2016-04-19,8.8795,8.8798,8.84,8.8798
2016-04-18,8.8798,8.8798,8.85,8.8795
2016-04-15,8.8798,8.8798,8.84,8.8798
2016-04-14,8.86,8.8799,8.84,8.8798
2016-04-13,8.8798,8.8799,8.84,8.8799
2016-04-12,8.8798,8.8798,8.84,8.8798
2016-04-11,8.8798,8.8798,8.84,8.8798
2016-04-08,8.8799,8.8799,8.84,8.8798
2016-04-07,8.8798,8.8799,8.84,8.8799
2016-04-06,8.8799,8.8799,8.84,8.8798
2016-04-05,8.8799,8.8799,8.84,8.8799
2016-04-04,8.8798,8.8799,8.84,8.8799
2016-04-01,8.8799,8.8799,8.84,8.8798
2016-03-31,8.8799,8.8799,8.84,8.8799
2016-03-30,8.8798,8.8799,8.84,8.8799
2016-03-29,8.8798,8.8798,8.84,8.8798
2016-03-28,8.9498,8.9498,8.84,8.8798
2016-03-25,8.8798,8.8798,8.84,8.8798
2016-03-24,8.8799,8.8799,8.84,8.8798
2016-03-23,8.8799,8.8799,8.84,8.8799
2016-03-22,8.8798,8.8799,8.84,8.8799
2016-03-21,8.8798,8.8798,8.84,8.8798
2016-03-18,8.8799,8.8799,8.84,8.8798
2016-03-17,8.9499,8.9499,8.84,8.8799
2016-03-16,8.9495,8.9499,8.91,8.9499
2016-03-15,8.9498,8.9498,8.9495,8.9495
2016-03-14,7.83,9.0,7.83,8.9498
2016-03-11,7.83,7.83,7.79,7.83
2016-03-10,7.83,7.83,7.79,7.83
2016-03-09,7.83,7.83,7.79,7.83
2016-03-08,7.83,7.83,7.79,7.83
2016-03-07,7.83,7.83,7.79,7.83
2016-03-04,7.83,7.83,7.8,7.83
2016-03-03,7.83,7.83,7.79,7.83
2016-03-02,7.83,7.83,7.79,7.83
2016-03-01,7.83,7.83,7.79,7.83
2016-02-29,7.83,7.83,7.8,7.83
2016-02-26,7.83,7.83,7.79,7.83
2016-02-25,7.83,7.83,7.79,7.83
2016-02-24,7.83,7.83,7.8,7.83
2016-02-23,7.83,7.83,7.79,7.83
2016-02-22,7.83,7.83,7.79,7.83
2016-02-19,7.83,7.83,7.8,7.83
2016-02-18,7.83,7.83,7.79,7.83
2016-02-17,7.83,7.83,7.79,7.83
2016-02-16,7.79,7.83,7.79,7.83
2016-02-15,7.83,7.83,7.83,7.83
2016-02-12,7.83,7.83,7.79,7.83
2016-02-11,7.83,7.83,7.79,7.83
2016-02-10,7.83,7.83,7.79,7.83
2016-02-09,7.83,7.83,7.79,7.83
2016-02-08,7.83,7.83,7.79,7.83
2016-02-05,7.83,7.83,7.79,7.83
2016-02-04,7.83,7.83,7.79,7.83
2016-02-03,7.83,7.83,7.79,7.83
2016-02-02,7.83,7.83,7.79,7.83
2016-02-01,7.83,7.83,7.79,7.83
2016-01-29,7.83,7.83,7.79,7.83
2016-01-28,7.83,7.83,7.79,7.8
2016-01-27,7.83,7.83,7.8,7.83
2016-01-26,7.83,7.83,7.79,7.83
2016-01-25,7.83,7.83,7.79,7.83
2016-01-22,7.83,7.83,7.79,7.83
2016-01-21,7.83,7.83,7.79,7.83
2016-01-20,7.83,7.83,7.79,7.83
2016-01-19,7.83,7.83,7.79,7.83
2016-01-18,7.83,7.83,7.79,7.8
2016-01-15,7.83,7.83,7.83,7.83
2016-01-14,7.83,7.83,7.83,7.83
2016-01-13,7.83,7.83,7.83,7.83
2016-01-12,7.83,7.83,7.83,7.83
2016-01-11,7.83,7.83,7.83,7.83
2016-01-08,7.83,7.83,7.83,7.83
2016-01-07,7.83,7.83,7.8,7.83
2016-01-06,7.83,7.83,7.8,7.81
2016-01-05,7.83,7.83,7.8,7.83
2016-01-04,7.83,7.83,7.8,7.83
2016-01-01,7.83,7.83,7.83,7.83
2015-12-31,7.79,7.83,7.79,7.8
2015-12-30,7.83,7.83,7.8,7.83
2015-12-29,7.83,7.83,7.8,7.83
2015-12-28,7.83,7.83,7.8,7.83
2015-12-25,7.83,7.83,7.83,7.83
2015-12-24,7.83,7.83,7.79,7.8
2015-12-23,7.83,7.83,7.8,7.83
2015-12-22,7.83,7.83,7.79,7.8
2015-12-21,7.83,7.83,7.79,7.83
2015-12-18,7.8,7.83,7.8,7.83
2015-12-17,7.83,7.83,7.79,7.83
2015-12-16,7.83,7.83,7.79,7.83
2015-12-15,7.83,7.83,7.8,7.83
2015-12-14,7.83,7.83,7.8,7.83
2015-12-11,7.83,7.83,7.8,7.83
2015-12-10,7.8,7.83,7.8,7.83
2015-12-09,7.83,7.83,7.79,7.8
2015-12-08,7.83,7.83,7.8,7.83
2015-12-07,7.83,7.83,7.8,7.83
2015-12-04,7.83,7.83,7.8,7.83
2015-12-03,7.83,7.83,7.8,7.83
2015-12-02,7.83,7.83,7.79,7.83
2015-12-01,7.83,7.83,7.79,7.83
2015-11-30,7.83,7.83,7.79,7.83
2015-11-27,7.83,7.83,7.8,7.83
2015-11-26,7.83,7.83,7.83,7.83
2015-11-25,7.83,7.83,7.83,7.83
2015-11-24,7.83,7.83,7.83,7.83
2015-11-23,7.83,7.83,7.83,7.83
2015-11-20,7.83,7.83,7.83,7.83
2015-11-19,7.83,7.83,7.83,7.83
2015-11-18,7.83,7.83,7.8,7.83
2015-11-17,7.83,7.83,7.8,7.8
2015-11-16,7.83,7.83,7.8,7.83
2015-11-13,7.83,7.83,7.79,7.83
2015-11-12,7.8,8.01,7.8,7.83
2015-11-11,8.03,8.03,7.8,7.8
2015-11-10,8.03,8.03,8.0,8.03
2015-11-09,8.02,8.03,8.0,8.03
2015-11-06,8.03,8.03,8.0,8.02
2015-11-05,8.03,8.03,8.0,8.03
2015-11-04,8.03,8.03,7.99,8.03
2015-11-03,8.03,8.03,7.99,8.03
2015-11-02,8.03,8.03,7.99,8.03
2015-10-30,7.99,8.03,7.99,8.03
2015-10-29,8.03,8.03,8.0,8.0
2015-10-28,8.0,8.03,8.0,8.03
2015-10-27,8.03,8.03,8.0,8.0
2015-10-26,8.03,8.03,8.0,8.03
2015-10-23,8.03,8.03,8.0,8.03
2015-10-22,8.03,8.03,7.99,8.03
2015-10-21,8.0,8.03,7.99,8.03
2015-10-20,8.0,8.01,8.0,8.0
2015-10-19,7.93,8.0,7.93,8.0
2015-10-16,7.93,7.93,7.89,7.93
2015-10-15,7.83,7.93,7.83,7.93
2015-10-14,7.83,7.83,7.8,7.83
2015-10-13,7.83,7.83,7.8,7.83
2015-10-12,7.83,7.83,7.83,7.83
2015-10-09,7.83,7.83,7.8,7.8
2015-10-08,7.83,7.83,7.8,7.83
2015-10-07,7.8,7.83,7.79,7.83
2015-10-06,7.83,7.83,7.79,7.8
2015-10-05,7.83,7.83,7.79,7.83
2015-10-02,7.83,7.83,7.79,7.83
2015-10-01,7.83,7.83,7.79,7.83
2015-09-30,7.83,7.83,7.8,7.83
2015-09-29,7.83,7.83,7.8,7.83
2015-09-28,7.83,7.83,7.8,7.83
2015-09-25,7.83,7.83,7.8,7.83
2015-09-24,7.83,7.83,7.8,7.83
2015-09-23,7.8,7.83,7.8,7.83
2015-09-22,7.83,7.83,7.8,7.81
2015-09-21,7.825,7.83,7.8,7.83
2015-09-18,7.83,7.83,7.8,7.825
2015-09-17,7.83,7.83,7.79,7.8
2015-09-16,7.83,7.83,7.79,7.83
2015-09-15,7.83,7.83,7.8,7.83
2015-09-14,7.83,7.83,7.79,7.825
2015-09-11,7.83,7.83,7.79,7.83
2015-09-10,7.83,7.83,7.79,7.83
2015-09-09,7.83,7.83,7.79,7.83
2015-09-08,7.83,7.83,7.79,7.83
2015-09-07,7.825,7.83,7.8,7.83
2015-09-04,7.825,7.83,7.825,7.825
2015-09-03,7.83,7.83,7.825,7.825
2015-09-02,7.83,7.83,7.825,7.83
2015-09-01,7.83,7.83,7.825,7.83
2015-08-31,7.83,7.83,7.825,7.83
2015-08-28,7.83,7.83,7.83,7.83
2015-08-27,7.825,7.83,7.825,7.83
2015-08-26,7.83,7.83,7.825,7.83
2015-08-25,7.83,7.83,7.825,7.83
2015-08-24,7.825,7.83,7.825,7.83
2015-08-21,7.825,7.83,7.825,7.825
2015-08-20,7.83,7.83,7.825,7.825
2015-08-19,7.825,7.83,7.825,7.83
2015-08-18,7.83,7.83,7.8,7.825
2015-08-17,7.83,7.83,7.8,7.8
2015-08-14,7.83,7.83,7.79,7.83
2015-08-13,7.83,7.83,7.79,7.83
2015-08-12,7.825,7.83,7.79,7.83
2015-08-11,7.83,7.83,7.79,7.825
2015-08-10,7.825,7.83,7.79,7.8
2015-08-07,7.83,7.83,7.79,7.83
2015-08-06,7.83,7.83,7.79,7.83
2015-08-05,7.825,7.83,7.825,7.83
2015-08-04,7.8,7.825,7.8,7.825
2015-08-03,7.8,7.8,7.79,7.8
2015-07-31,7.8,7.8,7.79,7.8
2015-07-30,7.8,7.8,7.8,7.8
2015-07-29,7.83,7.83,7.8,7.8
2015-07-28,7.8,7.83,7.8,7.83
2015-07-27,7.83,7.83,7.8,7.8
2015-07-24,7.8,7.83,7.8,7.83
2015-07-23,7.83,7.83,7.8,7.8
2015-07-22,7.83,7.83,7.8,7.83
2015-07-21,7.83,7.83,7.83,7.83
2015-07-20,7.83,7.83,7.83,7.83
2015-07-17,7.825,7.83,7.8,7.83
2015-07-16,7.83,7.83,7.8,7.825
2015-07-15,7.83,7.83,7.81,7.83
2015-07-14,7.83,7.83,7.8,7.83
2015-07-13,7.83,7.83,7.8,7.83
2015-07-10,7.83,7.83,7.8,7.83
2015-07-09,7.825,7.83,7.8,7.83
2015-07-08,7.83,7.83,7.8,7.825
2015-07-07,7.7201,7.83,7.72,7.8
2015-07-06,7.83,7.83,7.63,7.72
2015-07-03,7.725,7.725,7.63,7.725
2015-07-02,7.63,7.725,7.63,7.725
2015-07-01,7.63,7.63,7.59,7.63
2015-06-30,7.63,7.63,7.59,7.63
2015-06-29,7.62,7.63,7.59,7.63
2015-06-26,7.62,7.63,7.59,7.62
2015-06-25,7.63,7.63,7.59,7.62
2015-06-24,7.625,7.63,7.59,7.63
2015-06-23,7.63,7.63,7.59,7.625
2015-06-22,7.625,7.63,7.59,7.63
2015-06-19,7.625,7.625,7.59,7.625
2015-06-18,7.63,7.63,7.59,7.625
2015-06-17,7.63,7.63,7.59,7.63
2015-06-16,7.625,7.63,7.59,7.63
2015-06-15,7.63,7.63,7.59,7.625
2015-06-12,7.625,7.63,7.59,7.63
2015-06-11,7.63,7.63,7.59,7.625
2015-06-10,7.63,7.63,7.59,7.63
2015-06-09,7.63,7.63,7.59,7.63
2015-06-08,7.6,7.63,7.59,7.63
2015-06-05,7.63,7.63,7.59,7.6
2015-06-04,7.6,7.63,7.59,7.63
2015-06-03,7.63,7.63,7.59,7.6
2015-06-02,7.59,7.63,7.59,7.63
2015-06-01,7.63,7.63,7.59,7.625
2015-05-29,7.63,7.63,7.59,7.63
2015-05-28,7.6,7.63,7.59,7.63
2015-05-27,7.6,7.6,7.59,7.6
2015-05-26,7.63,7.63,7.59,7.6
2015-05-25,7.63,7.63,7.63,7.63
2015-05-22,7.63,7.63,7.59,7.63
2015-05-21,7.6,7.63,7.59,7.63
2015-05-20,7.6,7.6,7.59,7.6
2015-05-19,7.63,7.63,7.6,7.6
2015-05-18,7.625,7.63,7.59,7.63
2015-05-15,7.6,7.625,7.59,7.625
2015-05-14,7.625,7.63,7.59,7.625
2015-05-13,7.63,7.63,7.59,7.625
2015-05-12,7.63,7.63,7.59,7.63
2015-05-11,7.63,7.63,7.59,7.63
2015-05-08,7.63,7.63,7.59,7.63
2015-05-07,7.63,7.63,7.59,7.63
2015-05-06,7.63,7.63,7.59,7.625
2015-05-05,7.63,7.63,7.59,7.63
2015-05-04,7.625,7.63,7.59,7.63
2015-05-01,7.63,7.63,7.59,7.63
2015-04-30,7.63,7.63,7.59,7.63
2015-04-29,7.625,7.63,7.625,7.63
2015-04-28,7.63,7.63,7.58,7.63
2015-04-27,7.63,7.63,7.59,7.63
2015-04-24,7.625,7.63,7.59,7.625
2015-04-23,7.6,7.63,7.59,7.625
2015-04-22,7.629,7.63,7.59,7.6
2015-04-21,7.63,7.63,7.58,7.63
2015-04-20,7.63,7.63,7.59,7.63
2015-04-17,7.63,7.63,7.59,7.63
2015-04-16,7.63,7.63,7.59,7.63
2015-04-15,7.63,7.63,7.59,7.63
2015-04-14,7.63,7.63,7.59,7.63
2015-04-13,7.63,7.63,7.58,7.63
2015-04-10,7.63,7.63,7.59,7.63
2015-04-09,7.63,7.63,7.58,7.63
2015-04-08,7.63,7.63,7.59,7.63
2015-04-07,7.62,7.63,7.59,7.63
2015-04-06,7.625,7.63,7.59,7.63
2015-04-03,7.63,7.63,7.6,7.625
2015-04-02,7.62,7.63,7.59,7.63
2015-04-01,7.63,7.63,7.59,7.62
2015-03-31,7.6,7.63,7.59,7.63
2015-03-30,7.6,7.63,7.59,7.6
2015-03-27,7.63,7.63,7.59,7.63
2015-03-26,7.63,7.63,7.59,7.63
2015-03-25,7.63,7.63,7.59,7.63
2015-03-24,7.6,7.63,7.59,7.63
2015-03-23,7.63,7.63,7.59,7.63
2015-03-20,7.63,7.63,7.59,7.63
2015-03-19,7.6,7.63,7.59,7.63
2015-03-18,7.63,7.63,7.59,7.6
2015-03-17,7.63,7.63,7.59,7.63
2015-03-16,7.625,7.63,7.59,7.63
2015-03-13,7.625,7.625,7.59,7.625
2015-03-12,7.63,7.63,7.59,7.625
2015-03-11,7.63,7.63,7.59,7.63
2015-03-10,7.625,7.63,7.59,7.63
2015-03-09,7.63,7.63,7.58,7.625
2015-03-06,7.6,7.63,7.59,7.63
2015-03-05,7.63,7.63,7.59,7.6
2015-03-04,7.63,7.63,7.59,7.63
2015-03-03,7.6,7.63,7.59,7.63
2015-03-02,7.6,7.6,7.59,7.6
2015-02-27,7.63,7.63,7.6,7.6
2015-02-26,7.63,7.63,7.59,7.63
2015-02-25,7.63,7.63,7.59,7.63
2015-02-24,7.63,7.63,7.59,7.63
2015-02-23,7.625,7.63,7.59,7.63
2015-02-20,7.63,7.63,7.58,7.63
2015-02-19,7.63,7.63,7.58,7.6
2015-02-18,7.63,7.63,7.58,7.63
2015-02-17,7.6,7.63,7.59,7.63
2015-02-16,7.625,7.625,7.6,7.6
2015-02-13,7.6,7.625,7.59,7.59
2015-02-12,7.6,7.63,7.58,7.625
2015-02-11,7.63,7.63,7.59,7.6
2015-02-10,7.63,7.63,7.58,7.63
2015-02-09,7.63,7.63,7.59,7.63
2015-02-06,7.63,7.63,7.59,7.63
2015-02-05,7.62,7.63,7.58,7.63
2015-02-04,7.63,7.63,7.58,7.62
2015-02-03,7.6,7.63,7.59,7.63
2015-02-02,7.6,7.63,7.55,7.61
2015-01-30,7.59,7.59,7.55,7.59
2015-01-29,7.47,7.59,7.47,7.59
2015-01-28,7.44,7.47,7.43,7.47
2015-01-27,7.44,7.44,7.44,7.44
2015-01-26,7.4,7.44,7.4,7.44
2015-01-23,7.4,7.4,7.39,7.4
2015-01-22,7.35,7.4,7.35,7.4
2015-01-21,7.25,7.35,7.25,7.35
2015-01-20,7.25,7.3,7.15,7.25
2015-01-19,7.15,7.25,7.15,7.25
2015-01-16,7.15,7.15,7.14,7.15
2015-01-15,7.15,7.15,7.14,7.15
2015-01-14,7.15,7.16,7.14,7.15
2015-01-13,7.15,7.15,7.14,7.15
2015-01-12,7.15,7.15,7.13,7.15
2015-01-09,7.15,7.15,7.13,7.15
2015-01-08,7.15,7.15,7.13,7.15
2015-01-07,7.15,7.15,7.13,7.15
2015-01-06,7.13,7.15,7.13,7.15
2015-01-05,7.15,7.15,7.13,7.1301
2015-01-02,7.15,7.15,7.14,7.15
2015-01-01,7.15,7.15,7.15,7.15
2014-12-31,7.15,7.15,7.13,7.15
2014-12-30,7.15,7.15,7.13,7.15
2014-12-26,7.15,7.15,7.14,7.15
2014-12-25,7.15,7.15,7.15,7.15
2014-12-24,7.15,7.15,7.13,7.15
2014-12-23,7.15,7.15,7.13,7.15
2014-12-22,7.15,7.15,7.13,7.15
2014-12-19,7.15,7.15,7.13,7.15
2014-12-18,7.14,7.15,7.13,7.15
2014-12-17,7.15,7.15,7.13,7.14
2014-12-16,7.15,7.15,7.13,7.15
2014-12-15,7.15,7.15,7.13,7.15
2014-12-12,7.15,7.15,7.13,7.14
2014-12-11,7.15,7.15,7.13,7.15
2014-12-10,7.15,7.15,7.13,7.15
2014-12-09,7.15,7.15,7.13,7.15
2014-12-08,7.15,7.15,7.13,7.15
2014-12-05,7.15,7.15,7.13,7.15
2014-12-04,7.15,7.15,7.13,7.15
2014-12-03,7.15,7.15,7.13,7.15
2014-12-02,7.15,7.15,7.14,7.15
2014-12-01,7.15,7.15,7.13,7.15
2014-11-28,7.14,7.15,7.13,7.13
2014-11-27,7.14,7.14,7.14,7.14
2014-11-26,7.15,7.15,7.13,7.14
2014-11-25,7.15,7.15,7.13,7.15
2014-11-24,7.15,7.15,7.14,7.15
2014-11-21,7.15,7.15,7.13,7.15
2014-11-20,7.15,7.15,7.13,7.15
2014-11-19,7.15,7.15,7.13,7.15
2014-11-18,7.15,7.15,7.13,7.15
2014-11-17,7.15,7.15,7.13,7.15
2014-11-14,7.15,7.15,7.13,7.15
2014-11-13,7.15,7.15,7.13,7.15
2014-11-12,7.15,7.15,7.13,7.15
2014-11-11,7.15,7.15,7.15,7.15
2014-11-10,7.15,7.15,7.13,7.15
2014-11-07,7.14,7.15,7.13,7.15
